username,accuracy_ratio
005up,misleading
0waki,misleading
11tulips,nuanced_accurate
1212Vicki,nuanced_accurate
13013B,misleading
1776DEFEATS1984,misleading
1776DrRick,misleading
1776Fightr,misleading
1Dittlinger,misleading
1goodtern,nuanced_accurate
1keydonkey,misleading
1tonyg,misleading
1val1richy,nuanced_accurate
20170211febhei,misleading
2023T2023,misleading
2Dwarthan,misleading
2MASX,misleading
2_bloempje,misleading
2nd_Amendment,misleading
440Hemiguy,misleading
4RealLeft,nuanced_accurate
54JohnBull,misleading
56Bine,misleading
5rHxIhQGQnnRSOe,misleading
65320BOB,misleading
670rv,misleading
72powpow,misleading
98Jabjab2,misleading
AAPSonline,misleading
ABridgen,misleading
ACTINOSProject,nuanced_accurate
AGHuff,misleading
ALC_V,nuanced_accurate
ALLREDToDoRoJo,misleading
AMERICANGIRL755,misleading
ARotordog,misleading
ATweetie1984,misleading
AWangMPH,nuanced_accurate
A_C_Galarza,misleading
AaronSiriSG,misleading
AbelNovoa,misleading
AbraarKaran,nuanced_accurate
AceBearstrom,nuanced_accurate
Aceso76,misleading
AdamShawNY,misleading
Adam_Creighton,misleading
AdivonPoes,misleading
AdolfoDLozano,misleading
AdrianaSpappa,nuanced_accurate
AerosolDevices,nuanced_accurate
AgentTruthTell3,misleading
AgnieszkaSzust3,nuanced_accurate
AimHardoi,misleading
AkuKarvinen,nuanced_accurate
Alainklain2,nuanced_accurate
AlanBixter,nuanced_accurate
AlastairMcA30,nuanced_accurate
AlexE1789,misleading
AlexMartiniuk,nuanced_accurate
AliNeitzelMD,nuanced_accurate
Alicia_Smith19,misleading
AllisterHeath,misleading
AltoTagliato,misleading
AltvaterUli,misleading
AlvenArreaza,misleading
Alzhacker,misleading
AmCulturePod,misleading
AmerLiberal,misleading
AmeshAA,nuanced_accurate
AminSharaf,misleading
AnciraBecky,nuanced_accurate
AndrewGutmann,misleading
AndrewNoymer,nuanced_accurate
AndrewPaviaMD,nuanced_accurate
AndyDRC,nuanced_accurate
AndyGrewal,misleading
AndyOgles,misleading
Andyfragt,misleading
AngusMemes4,misleading
AnitaGunn1,misleading
AnitaTr47909916,misleading
AnnDePa,nuanced_accurate
AnnaChrolowska,misleading
AnnaTheWise1,misleading
Anonymou5____,misleading
AnthonyCabassa_,misleading
Anthrofuentes,nuanced_accurate
AppletoZucchini,misleading
Arachnidualny,misleading
ArcherRene1,misleading
Arcticwolff,misleading
AreOhEssEyeEe,misleading
ArgyleBecky,misleading
AriFleischer,nuanced_accurate
Ariel_Reittel,misleading
ArmandGirbes,misleading
ArneGbg,misleading
Arnoldcarling,misleading
ArtGWBlack1,misleading
AsadoriQ,nuanced_accurate
Ashrides,nuanced_accurate
AstroAugusto,nuanced_accurate
AtlantaStu,misleading
AudeMiriam,misleading
AwakeningGV,misleading
AzadehKhatibi,misleading
B44vaIRNxRmYIpC,nuanced_accurate
B52Malmet,nuanced_accurate
BBGRichie,misleading
BBarucker,misleading
BILD,misleading
BMauschen,nuanced_accurate
BPartisans,misleading
BR24,nuanced_accurate
BRVogt,nuanced_accurate
BadFatBlackGirl,misleading
Badass_Patriot,misleading
Badged_Patriot,misleading
Banjotkaur,nuanced_accurate
BarbaraRKay,misleading
BareReality,misleading
Barnes_Russell,misleading
BarnettforAZ,misleading
BarryAddison,misleading
BarryHunt008,nuanced_accurate
Bazzedv2,misleading
BeAirAware,nuanced_accurate
BeatrizTalegon,misleading
Behindt93065949,misleading
BenBradleyTV,misleading
BenjaminMateus7,nuanced_accurate
BenjySarlin,nuanced_accurate
BenthemJoost,misleading
BergheimJeff,misleading
BerlinerHedoni1,misleading
BertMunck,misleading
Bertrand_allen2,nuanced_accurate
Bethvanduyne,misleading
Beyond_Mystic,misleading
Bierebiek,misleading
BigBadDenis,nuanced_accurate
Bigbird32392741,misleading
Bihar_AIM,misleading
BillCar79944600,misleading
Billyjojimnybob,misleading
BioEunuch,misleading
BirdDog373,misleading
BlackBondPtv,misleading
BlackSuccessors,misleading
BlakeMMurdoch,nuanced_accurate
BlakesWort,nuanced_accurate
Blaze40612403,misleading
Blietzow2,nuanced_accurate
Blokeonabike2,misleading
Blue22Dave,misleading
BlueBoxDave,misleading
BlueMellville,nuanced_accurate
BoSnerdley,neutral
Bob_Wachter,misleading
BoboFromTexas,misleading
BomBomkherrrZep,misleading
BorosBruce,misleading
Botoxnotfall,nuanced_accurate
BrentNYT,nuanced_accurate
BrentScher,misleading
BrentToderian,nuanced_accurate
BretWeinstein,misleading
BrexitDuck,misleading
BrianFl1977,misleading
BrianMGC,misleading
BrianOSheaSPI,misleading
Brick_House04,misleading
BrunaFrascolla,misleading
BrunoCapra1,nuanced_accurate
BuckSexton,misleading
Buenrolloreturn,misleading
Burgos,nuanced_accurate
BurnetInstitute,nuanced_accurate
BuzzFeedHealth,nuanced_accurate
BuzzFeedNews,nuanced_accurate
CALaFontaine,misleading
CBedfordDC,misleading
CCCAlliance,misleading
CDCgov_parody,nuanced_accurate
CKellyUAP,misleading
CMClase,nuanced_accurate
CNoodles918,misleading
CTLibertyRally,misleading
CWNH,nuanced_accurate
Cajsa,nuanced_accurate
Cameron08305818,misleading
CanellesMatilde,nuanced_accurate
CantorUnendlich,nuanced_accurate
Cara60047879,misleading
CardioJimmy,misleading
CarissaLeeG,nuanced_accurate
CarlBotha2,misleading
CarlosFreire_J,nuanced_accurate
CarlosRamnSilv2,misleading
CarlvKeirsbilck,nuanced_accurate
CarpentierLulu,misleading
CartlandDavid,misleading
CartoonsJpt,misleading
CaseydeJong2,misleading
CathVoicesITA,misleading
CaulfieldTim,nuanced_accurate
Cazzimmax,misleading
Cdn_Farm_Girl,misleading
Celesta91883911,misleading
CerfiaFR,nuanced_accurate
CesarWi98065754,misleading
ChadLaveglia,misleading
ChanasitJonas,misleading
ChanceGardi,misleading
ChanceGardiner,misleading
Charger10_,misleading
CharleneLimaRI,misleading
CharlesRixey,nuanced_accurate
Charlie_Carrel,misleading
CharlotteLaws,misleading
CheburekiMan,misleading
CherryBomb2069,misleading
CherylRofer,nuanced_accurate
Chevalier6Manon,misleading
Chokurei51,misleading
ChrPeterson90,misleading
ChrisEd16512812,misleading
ChrisMField,misleading
ChrisWaldburger,misleading
Chris_1791,misleading
ChristinaBerndt,nuanced_accurate
ChristinaPushaw,misleading
ChronBrianSmith,misleading
Chuck69i,misleading
ChuckWendig,nuanced_accurate
CisneNegro2Q22,misleading
CityJournal,misleading
ClaireBalan,misleading
ClarkeMicah,misleading
ClaudineR66,nuanced_accurate
Clauwild1,misleading
ClayTravis,misleading
ClimateDepot,misleading
ClimateRealists,misleading
CochraneCAM,nuanced_accurate
CochraneLibrary,nuanced_accurate
Coenobita,nuanced_accurate
ColleenFlood2,nuanced_accurate
CollignonPeter,nuanced_accurate
Comfortcove,misleading
CongressOrBJP,misleading
Connybub,misleading
ConservativeAd5,misleading
ConservativeTht,misleading
ConservetiveOne,misleading
ConservoDad,misleading
ConversationEDU,nuanced_accurate
CopesKen,misleading
CorneliaBeeking,nuanced_accurate
Corvus_corone2,misleading
CounsellingSam,nuanced_accurate
Covidable,misleading
CoyaudSylvie,nuanced_accurate
CptAncapistan,misleading
CrabbBrendan,nuanced_accurate
Craig1454,misleading
CraigRozniecki,misleading
CraigTu85592023,misleading
CrawMarjorie,misleading
CreightonForTX,misleading
CriticalThoug14,misleading
Crof,nuanced_accurate
Crossman10Diane,misleading
CtznCamera,misleading
Curini,misleading
CurmudgeonTired,misleading
CurtisHebert,misleading
CyberEngel,misleading
CyndiBosen,misleading
CzeKuku2,misleading
CzypionkaThomas,nuanced_accurate
DC30871833,misleading
DC_Draino,misleading
DFallamhain,misleading
DFisman,nuanced_accurate
DION_POWELL00,misleading
DKThomp,nuanced_accurate
DRobertaLacerda,misleading
DSSKniff,misleading
DaAcervo,misleading
DaanDeWit,misleading
DailyCaller,misleading
DailyMailUK,misleading
Dakota_150,misleading
DaliaHasanMD,nuanced_accurate
Daltmann10,nuanced_accurate
DamienVDB24,nuanced_accurate
DanCham03014042,misleading
DanaPerino,misleading
DancerDad,misleading
DaniJurinsky,misleading
Danjsalt,misleading
DavQuinn,misleading
DavidAFrench,nuanced_accurate
DavidBCollum,misleading
DavidCornDC,nuanced_accurate
DavidGr07837209,nuanced_accurate
DavidJoffe64,nuanced_accurate
DavidStaplesYEG,misleading
DeanGoodman19,misleading
DebraLefebvre,nuanced_accurate
Debunk_the_Funk,nuanced_accurate
DefendamosCR,misleading
DelhiAim,misleading
DeliaCabe,nuanced_accurate
DelthiaRicks,nuanced_accurate
DemFromCT,nuanced_accurate
DenisKristan,misleading
DennisKendel,nuanced_accurate
Dennis_Hohloch,misleading
Deplora_MAGA_E,misleading
Deplorable_JJ,misleading
Der_Waeller,nuanced_accurate
DianaCialino,nuanced_accurate
DickZoutman,nuanced_accurate
DirkDiggler786,misleading
DirkHolzinger,nuanced_accurate
DisInfoChron,misleading
DissocialSpace,misleading
DocHarry08,misleading
DocJeffD,nuanced_accurate
Docdj10,misleading
DocteurJuneau,nuanced_accurate
DoctorKarl,nuanced_accurate
Doctor_Eric_B,nuanced_accurate
DoencaProf,nuanced_accurate
DonaldGilroy,misleading
DonaldWelsh16,misleading
Donald_H_Marks,nuanced_accurate
Dontcarebear74,misleading
DougTenNapel,misleading
Dover63A,misleading
DrASeidler,misleading
DrAaronRock,misleading
DrAliSKhan,nuanced_accurate
DrAnnieHickox,nuanced_accurate
DrBruceScott,misleading
DrCanuckMD,nuanced_accurate
DrChrisNorthrup,misleading
DrChrisParry,misleading
DrChristinaBaum,misleading
DrFiliatrault,nuanced_accurate
DrFranckClarot,nuanced_accurate
DrFrankTurek,misleading
DrGrinzi,nuanced_accurate
DrHaidenthaler,nuanced_accurate
DrIanWeissman,nuanced_accurate
DrJ56013122,misleading
DrJBhattacharya,misleading
DrJoeBoot,misleading
DrKarinaZeidler,nuanced_accurate
DrKellyVictory,misleading
DrLoupis,misleading
DrMLernerMDPhD,misleading
DrNathanCole,nuanced_accurate
DrNo_Reformed,misleading
DrRohaanSeth,misleading
DrSCBrown,nuanced_accurate
DrScheuch,nuanced_accurate
DrScottBalsitis,nuanced_accurate
DrStefanieW,misleading
DrSusanOliver1,nuanced_accurate
DrTomFrieden,nuanced_accurate
DrTomasAragon,nuanced_accurate
DravenS17,misleading
Dt_Aerzteblatt,nuanced_accurate
EHESP_biblio,nuanced_accurate
EMECONOMOU,misleading
EMSwami,nuanced_accurate
EMaclaine1,nuanced_accurate
ER_Korhola,misleading
ESL_fairy,nuanced_accurate
EWBSW14,misleading
EWoodhouse7,misleading
Echt_jetzt_,nuanced_accurate
EdSafetyUK,nuanced_accurate
EdmJbg,nuanced_accurate
EdmundKudzayi,nuanced_accurate
EdwardEvilap,nuanced_accurate
EichelUlfrich,misleading
Ejmiller25,misleading
El1Ben,misleading
ElPana54,misleading
ElaineCarol3,nuanced_accurate
ElaineinNH,misleading
ElefantImRaum2,misleading
EliLake,misleading
EliVieiraJr,misleading
ElizaEmTM,nuanced_accurate
Ella_von_T,nuanced_accurate
EllrodtAxel,nuanced_accurate
Elvin_Unleashed,misleading
EmanueleDolce,misleading
Emerson_Gravely,nuanced_accurate
EmilBergholtz,nuanced_accurate
EmilyTVproducer,misleading
EnemyInAState,nuanced_accurate
EnriquePortaSa1,misleading
Ergs70,misleading
EricArchambaul7,misleading
EricKlinenberg,misleading
EricRSammons,misleading
EricRWeinstein,misleading
EricTopol,nuanced_accurate
Eric_Schmitt,misleading
Ericson_ubbhult,misleading
ErikCumps,nuanced_accurate
ErwanLeCorre,misleading
EshaniKing,misleading
EssexPR,misleading
EvanBlake17,nuanced_accurate
EvelynTrodini71,misleading
ExtremistIndy,misleading
Ezra4Liberty,misleading
FGarridoB,misleading
FLAHAULT,nuanced_accurate
FLMIRONES,misleading
FLagauloise,misleading
FORCEPS4,nuanced_accurate
FPerrefort,misleading
FUNKYPUNKY8,nuanced_accurate
FVT2012,misleading
FamCOSa,nuanced_accurate
Farahback1,misleading
FatEmperor,misleading
Ferhatarslandr,misleading
Fernand46357857,nuanced_accurate
Fiddaman,misleading
Finanzas_Times,misleading
FionaPWME,nuanced_accurate
Fischblog,nuanced_accurate
Fisherlady111,misleading
Flyck66,misleading
ForeverUseless_,misleading
FoxNews,misleading
Fradbius,nuanced_accurate
FrancoiDucrocq,misleading
FrankWi74044551,misleading
FrankfurtZack,misleading
FrantzRantz,misleading
Freddy41655488,misleading
FreeBeacon,misleading
Freedom21Miss,misleading
FreyerChuck,misleading
Fronj,nuanced_accurate
Fuchslocher1978,misleading
FunnyGu31492803,misleading
Fynnderella1,misleading
GACHOBMX,misleading
GYamey,nuanced_accurate
GabiElenaDohm,nuanced_accurate
Gaia_Universe,misleading
GalacticCurrent,misleading
GaloresCircus,nuanced_accurate
GarretLewis,misleading
GaryPayinda,nuanced_accurate
GarySidley,misleading
GatoDelCheshire,nuanced_accurate
Gem_WifeOfRhye,misleading
GeneralProps,misleading
GeoffHanmer,nuanced_accurate
GeorgBuechner89,nuanced_accurate
GeorgiaLogCabin,misleading
GevaertThomas,misleading
GhostInTheMac18,misleading
GilDrgil,nuanced_accurate
GiveUsAQuid,misleading
GlobalPHObserv,nuanced_accurate
Globalbiosec,nuanced_accurate
GloryBound_info,misleading
GoRixter,misleading
GoldenWinston44,misleading
Gonzalo53673264,misleading
Gormogons,misleading
GosiaGasperoPhD,nuanced_accurate
GoyerMel,misleading
GrantWakefield4,nuanced_accurate
Grassroots_Army,misleading
GregMitch,nuanced_accurate
GregWAutry,misleading
Grimmigedichten,misleading
GuardianUS,nuanced_accurate
GuatamaSid,nuanced_accurate
GuitarJPalumbo,misleading
GynarzWildz,misleading
HHopsalla,nuanced_accurate
HM64444420,nuanced_accurate
HabererHelle,misleading
HanefeldMarc,nuanced_accurate
HansKoppies,misleading
HappyShar310,misleading
Haqiqatjou,misleading
HarrietSergeant,misleading
HdnIns1ght,misleading
HealthFreedomLA,misleading
Heather56034921,misleading
HeatherMoAndCo,nuanced_accurate
Hector_E_Alcala,misleading
HedgeyeEEvans,misleading
HelenRSalisbury,nuanced_accurate
Helenspicer15,nuanced_accurate
HelgeMorset,misleading
HellOnHeels2020,misleading
HeyLey98657471,misleading
HeyMum3,nuanced_accurate
HeyTammyBruce,misleading
Hirnschluckauf,nuanced_accurate
Hirohide_Kage,misleading
HironobuSUZUKI,nuanced_accurate
HoeyberghsJeff,misleading
Hofmann43,misleading
Hokkis,misleading
HolgerHamburgo,nuanced_accurate
HollyBlomberg,nuanced_accurate
HollywoodInToto,misleading
HopeRising19,misleading
HoskinsKaren,misleading
HowardSteen4,misleading
HuuhtanenPanu,misleading
IAMMGraham,misleading
IFBP4881,misleading
IKostenas,nuanced_accurate
IMX_Immutable,misleading
IPiikki,misleading
ITGuy1959,misleading
IToldYaSo123,misleading
IXlNBqVw6DZZ230,misleading
IanHurn0,misleading
IlindelatorreMD,misleading
IllegalCluster,misleading
ImTheResistance,misleading
ImigWiebke,misleading
Impf_Info,misleading
IngrahamAngle,misleading
IngridKlaassen,misleading
Ingrid_Jacques,misleading
Inquiry_Canada,misleading
InspectorStocks,misleading
Invermectin1,misleading
Iqbalkhanadil,misleading
Is072MtgnYR8GNt,nuanced_accurate
IsoHenkka,misleading
ItaaTucson,nuanced_accurate
Ivarthe30779804,misleading
IxoraPaveta,misleading
JAFOOFAJ,nuanced_accurate
JANEMCARTHUR11,nuanced_accurate
JBarrORConserv,misleading
JCKidsMatter,misleading
JDouglasDavies,misleading
JEHutton,nuanced_accurate
JEVLloyd,nuanced_accurate
JGunlock,misleading
JHWeissmann,nuanced_accurate
JJ_Almekinders,misleading
JL86265528,misleading
JMDeMatteis,nuanced_accurate
JOHNJOHNSTONED,nuanced_accurate
JPC4USA,misleading
JReinerMD,nuanced_accurate
JSchmitzLeipzig,nuanced_accurate
JTMLX,nuanced_accurate
JaSimmank,nuanced_accurate
JackBones10,misleading
Jacoba77300026,misleading
JacotheNorth,misleading
Jade_Lyn_B,misleading
JairParmito,misleading
Jakelyneloiola_,misleading
JamesAFreeman,misleading
JamesFLoveIV,nuanced_accurate
JamesJe68074965,misleading
JamesManson6263,misleading
JamesMelville,misleading
James_Brown1958,misleading
JamieSale,misleading
JamilSmith,nuanced_accurate
Jan77Machacek,misleading
JanaSchwiek,misleading
Jane45431059,misleading
JaniceLabrosse2,misleading
JasonRickey,misleading
Jason_gasdive,nuanced_accurate
Jay_Watt,nuanced_accurate
JeanAll29104537,misleading
JeanneNoble18,misleading
JeffWellsRigInt,misleading
Jeff_Jacoby,misleading
JeffereyJaxen,misleading
JeffreyPeel,misleading
JeninYounesEsq,misleading
JenniferLerner1,nuanced_accurate
JenniferSey,misleading
JeromeAdamsMD,nuanced_accurate
JessicaLedezmaM,misleading
Jikkyleaks,neutral
JimCavallaro,nuanced_accurate
JimFergusonUK,misleading
JimSwiftDC,nuanced_accurate
JimmyJoeYam,misleading
JoTrumpCA,misleading
Joanne_Marcotte,misleading
JodyField,misleading
Joe7993,misleading
JoeBell,misleading
JoeConchaTV,misleading
JoeNBC,nuanced_accurate
JoePajak,nuanced_accurate
Joffrey77855104,misleading
JohannaHellste2,nuanced_accurate
Johanne31785773,misleading
JohnAriola4,misleading
JohnBasham,misleading
JohnCunnington5,misleading
JohnDut74399381,misleading
JohnJGaltrules,misleading
JohnJHarwood,nuanced_accurate
JohnLutge,nuanced_accurate
JohnNemoBell,misleading
JohnRuddick2,misleading
JohnTierneyNYC,misleading
Johnnieo88,misleading
JonnyRoot_,misleading
JorJorWell,misleading
JordanDKurthPhD,nuanced_accurate
JordanSchachtel,misleading
JosFlores_04,misleading
JoseAntonioPhD,misleading
JoshWalkos,misleading
Jou_Kaiser,misleading
Joyuslyfly,nuanced_accurate
JrgenBergmensch,misleading
JrgenBrgmnsch,misleading
JuanGrvas,misleading
JuddLegum,nuanced_accurate
JuhaPahkamaa,misleading
Jul101Vie,nuanced_accurate
Jul_Taxi,misleading
JuliaMWrightDal,nuanced_accurate
JuliaRaifman,nuanced_accurate
Juliett59778255,misleading
Junge_Freiheit,misleading
JussyFanAccount,misleading
Justice_forum,misleading
KEriksenV2,misleading
KGRII2,misleading
KJ00355197,misleading
KaisaSaurio,nuanced_accurate
Kam_Bach,misleading
KaminskiMed,nuanced_accurate
KanAugust,misleading
Kaos_Vs_Control,nuanced_accurate
KariTikkinen,nuanced_accurate
KarinMetzNr2,misleading
KarlDHarrison,misleading
KateMadd,nuanced_accurate
KatePri14608408,nuanced_accurate
KathaPollitt,nuanced_accurate
KatieM12121,misleading
KatiePavlich,misleading
KeithPekau,misleading
KelleyKga,nuanced_accurate
KenMatthews,misleading
Ken__kaneki33,misleading
KendraWrites,misleading
KennethBodin,nuanced_accurate
Keroppo,misleading
KevinBardosh,neutral
KilezMore,misleading
KimArctic,misleading
Kit_Yates_Maths,nuanced_accurate
Kizashi_S,nuanced_accurate
KlocknerMarcus,nuanced_accurate
KnightLAT,nuanced_accurate
Kohima_Sean,misleading
KonstPapakostas,nuanced_accurate
Kootenaybob0,misleading
KorbynDallas2,nuanced_accurate
Kourtne55842085,misleading
KovacsStephane,nuanced_accurate
KristaKafer,misleading
Kristof_Poland,misleading
KrugAlli,misleading
LCHF_Matt,misleading
LD_Sceptics,misleading
LFJIreland,misleading
LMBooster,nuanced_accurate
LNathan123,misleading
LPMisesCaucus,misleading
LaSeletzky,nuanced_accurate
LadyDoctorSays,nuanced_accurate
LadyRedWave,misleading
Lancer_evo4,nuanced_accurate
Lannaa31,nuanced_accurate
LarrySchweikart,misleading
LastHawk33,misleading
Laurel700,misleading
Laurie_Garrett,nuanced_accurate
LawrenceGostin,nuanced_accurate
LawrenceSellin,misleading
LeDucDeLaToile,misleading
LeFACTEUR10,misleading
LeeHurstComic,misleading
LeftVLockdown,misleading
LeftistBasher,misleading
Lelibertarien1,misleading
LesPatriotes_75,misleading
LeslieBienen,misleading
LetItShine69,misleading
LetOregonLearn,misleading
LetsGoBrando45,misleading
Lgmets_titans,misleading
LiamSchubel,misleading
Libertas3127,misleading
Liberty24324617,misleading
Lidsville,nuanced_accurate
LieselWeppen,misleading
LiliaCortina,misleading
Lillymaxx,nuanced_accurate
Linaguasca,misleading
LinardChristia1,misleading
LionHunterMusic,nuanced_accurate
LionelMedia,misleading
LionofJudah444,misleading
LisaForKansas,nuanced_accurate
LisaMar91564392,misleading
Lisa_Matassa,misleading
Lisa_Trump3,nuanced_accurate
LitleTony2023,misleading
LizHighleyman,nuanced_accurate
LizNYC13,misleading
LoboConsciente,misleading
LockedFab,nuanced_accurate
LongCOVIDnetwk,nuanced_accurate
LongCovidHell,nuanced_accurate
LooftSabine,nuanced_accurate
LordDSofCanada,misleading
LowellSavoy,misleading
LozzaFox,misleading
Luchostein,nuanced_accurate
Luchtbakker,misleading
LucyGoBag,misleading
LuisRom69173935,misleading
LukeJohnsonRCP,misleading
LumPrin,misleading
Lunatic__Fringe,misleading
Lyall3Lyall,misleading
M1066R,misleading
M5B1tch,nuanced_accurate
MAbsoud,misleading
MBeisicht,misleading
MCGAUSA,misleading
MDVetDoc,misleading
MG50ADMIRER,misleading
MIGO_Offiziell,nuanced_accurate
MIGUELA71643080,misleading
MIKITO_777,nuanced_accurate
MIRedState,misleading
MKorja,misleading
MMCBELL,misleading
MMelinda777,misleading
MRH_1984,misleading
MSingletonMDJD,misleading
MSmelkinsonPhD,misleading
MTVUutiset,misleading
M_Reichardt_AfD,misleading
M_T_Franz,misleading
MacIverWisc,misleading
MaciejU11,nuanced_accurate
MackayIM,nuanced_accurate
MackinawJack,misleading
MacronSiTuSavai,misleading
MadyWaterer,misleading
MaelAffarezzo,misleading
MaesgoChile2019,misleading
Magamamma1,misleading
MagnaCa77552324,misleading
MailOnline,misleading
Malcolm40130317,misleading
MandateMasksMA,nuanced_accurate
Mangan150,misleading
MannicheVibeke,misleading
Maomarca,misleading
MapleRidgeGuy,misleading
Marblehead_1776,misleading
Marc_Veld,nuanced_accurate
MarciaSAlmeida,misleading
Marcin_Soc,misleading
MarcoSchlaepfer,misleading
MarcusFysh,misleading
MariaNordin,misleading
MarianneSansum,misleading
MarieNat23,misleading
MarieSnyder27,nuanced_accurate
MarineTimLee,misleading
MarionKoopmans,nuanced_accurate
MarkCorbo4,misleading
MarkDSiegel1,nuanced_accurate
MarkDaVinciGrp,misleading
MarkFriesen08,misleading
MarkHiggie1,misleading
MarkRMatthews,misleading
MarkRitchie_II,misleading
MarkWRowley,misleading
MarkatLangstone,misleading
Markus1129,misleading
MartinKnight_,misleading
MartinKulldorff,misleading
MartinRides,misleading
Martina,nuanced_accurate
Martine_LeCovid,misleading
Mary1Kathy,nuanced_accurate
Mary30776604,nuanced_accurate
MaryanneDemasi,misleading
MathematikerRuR,nuanced_accurate
MathiasPriebe,misleading
MathsPlusPlus,nuanced_accurate
MattForVA,misleading
MattJorg4543446,nuanced_accurate
Matt_HorwoodET,misleading
MatthewWielicki,misleading
MattyTimTom,misleading
MaudLefebvre19,misleading
MaxBoot,nuanced_accurate
MaximeBernier,misleading
May16L,misleading
McMarol,misleading
Med58ll,nuanced_accurate
Medallionse,misleading
MedicinePop,nuanced_accurate
MediumSizeMeech,misleading
MeetJess,nuanced_accurate
Megavolt1,nuanced_accurate
MeghanEMurphy,misleading
MehmetE_Krkmz,misleading
MehmetTanselY,misleading
MeinhardtThomas,nuanced_accurate
MelMMP,misleading
MelissaSweetDr,nuanced_accurate
MendlovitzMark,misleading
MeowMeo80349107,misleading
MeowMuhCow,neutral
Merkstatt,nuanced_accurate
MerlinofCanada,nuanced_accurate
MerlotVine,nuanced_accurate
Merr_Seas,nuanced_accurate
MerrynSW,misleading
Michael951413,misleading
MichaelBarone,misleading
MichaelImmel60,misleading
MichaelJStern1,misleading
MichaelPSenger,misleading
MichaelVerstrae,misleading
MichelStarr001,misleading
Mielgray,nuanced_accurate
MiguelV56928111,misleading
MikeSwadling,misleading
Mike_Stuttgart,misleading
MikemanCommeth,misleading
Millions4Truth,misleading
MiltonWolfMD,misleading
MinnesotaMiners,nuanced_accurate
Mirella_PhD,nuanced_accurate
MisesScotland,misleading
Miti_Vigliero,nuanced_accurate
MitjaChamp,misleading
MkayUokay,misleading
MmeBlackBalloon,misleading
MonicaGandhi9,misleading
MoonofA,nuanced_accurate
MoormannRainer,nuanced_accurate
MotormikeFrank,nuanced_accurate
MrHarmoniouis,misleading
MrPabi,misleading
Mr_Trubshawe,misleading
Mssarahmssarah,nuanced_accurate
Muenchen1968,nuanced_accurate
MurielBlaivePhD,misleading
MxVChile,misleading
NBCMontana,misleading
NBamford3,misleading
NC5PhilWilliams,nuanced_accurate
NCLAlegal,misleading
NYPostOpinion,misleading
NYTHealth,nuanced_accurate
NYTScience,nuanced_accurate
NancyRPearcey,misleading
Nantanreikan,nuanced_accurate
NanyPardo,misleading
NarfGb,misleading
NealMcCluskey,misleading
NedaaAlkhamis,misleading
Neoavatara,misleading
NeuroBlazeJP,misleading
NevgiAnne,misleading
NewBlueON,misleading
New_Narrative,nuanced_accurate
NiKanmuc,nuanced_accurate
Niall_Boylan,misleading
NickHudsonCT,misleading
NicoVedrines,misleading
NicoleNncc,misleading
NielsANielsen,nuanced_accurate
NiemandsKnegt,misleading
NileGardiner,misleading
Nils_Littorin,misleading
NjbBari3,nuanced_accurate
NoAlternative20,misleading
NoahHaber,nuanced_accurate
Noboru_Hagino,nuanced_accurate
Noonefromnowhar,nuanced_accurate
NoresetRicardo,misleading
NormOrnstein,nuanced_accurate
Normsmusic,nuanced_accurate
NotAcquiescing,nuanced_accurate
Nova153,misleading
NovoArgumente,misleading
Nutradvance,nuanced_accurate
ORafassan,misleading
OVNIS_UFOs,misleading
OakMtn2,misleading
ObrequeGerzon,misleading
OceanCityDental,nuanced_accurate
Oliver_Murray15,misleading
OlooneyJohn,misleading
OneGeorgiaPeach,misleading
OnlyAsking3,misleading
OrangeBoxKitty,misleading
OrdoMedicus,misleading
OriginalTrumpet,misleading
OscarTengmark,misleading
P0eMPieDinges,misleading
PAGANINI_Nicolo,nuanced_accurate
PATCHnHrd,misleading
PFr1end,misleading
PGtzsche1,misleading
PLegalization,misleading
PMeemit,misleading
PRAISETRIUNEGOD,misleading
PRchef_Inc,nuanced_accurate
PSBaker10,nuanced_accurate
P_McCulloughMD,misleading
Panda31808732,nuanced_accurate
PapaESoCo,nuanced_accurate
ParteilosParent,nuanced_accurate
PatPetterson2,misleading
PatTheBerner,nuanced_accurate
PatientCV,misleading
PatriceCali,misleading
Patrici10834779,misleading
PatrickMcSwain2,misleading
Patriot7714,misleading
PaulGlasziou,nuanced_accurate
PaulHook_em,misleading
PaulJBelcher,nuanced_accurate
PaulMaxit,misleading
PaulMitchell_AB,misleading
Pauloforliberty,misleading
PaulssonChris,misleading
Pdaug44,misleading
PepePrevost,misleading
PepperInVegas,misleading
Perbess,nuanced_accurate
Permamama,misleading
PerryBartol,misleading
PeteDurnell,misleading
PeterHotez,nuanced_accurate
Petsu15,nuanced_accurate
Phermes54,nuanced_accurate
PhilHollowayEsq,misleading
PhilWMagness,misleading
PhilipSoos,misleading
Philip_Perkins1,misleading
Pietbull47,misleading
PilarGa96981901,misleading
PiotrWitczak_,misleading
PoeBrianL,nuanced_accurate
PolAg19746971,misleading
Politic56721677,misleading
PoonDong3,misleading
PostOpinions,nuanced_accurate
Pr_Logos,nuanced_accurate
PrasadKasibhat1,nuanced_accurate
PresseFreelance,misleading
PrettyGonzo,nuanced_accurate
PrisonPlanet,misleading
ProductionKate,misleading
ProfFatihACanli,misleading
ProfMBassetti,nuanced_accurate
ProfPCDoherty,nuanced_accurate
ProfSchieffer,nuanced_accurate
Prof_Marciniak,nuanced_accurate
Prof_NickTalley,nuanced_accurate
ProseccoPL,misleading
Psycho_Six,misleading
PuddyValentine,misleading
Q_it_Q,misleading
QuebecVeritas,misleading
QueenOfDiagolon,misleading
Quipsforchips,misleading
Quo_vadis_BRD,misleading
RACHELT143,misleading
RCamposDuffy,misleading
RErbium,nuanced_accurate
RGSAllen,nuanced_accurate
RMConservative,misleading
RNnieuws,misleading
RRamirezdeAlba,misleading
RTMPTT,misleading
RTyolajarvi,misleading
RWMaloneMD,misleading
RWittenbrink,nuanced_accurate
R_Hughes1,nuanced_accurate
RadioFreeTom,nuanced_accurate
RafaelFontana,misleading
RaisingSqrPegs,nuanced_accurate
RajeevJayadevan,nuanced_accurate
RalfHanselle,misleading
RandPaul,misleading
RandiMHernandez,nuanced_accurate
RantRighteous,misleading
RayJPolitics1,misleading
Ray_BlueThunder,misleading
Raymond82310289,misleading
ReaganWorld,misleading
RealMdlReport,misleading
RealNightVoices,misleading
RealRodrigoPolo,misleading
RealWayneRoot,misleading
RealWsiegrist,misleading
RedCollie1,misleading
RedPilledChica,misleading
RedState66,misleading
Red_Pill_Report,nuanced_accurate
Reezyard,misleading
RepChipRoy,misleading
RepGregMurphy,misleading
ResilientsTv,misleading
ResoluteMama,misleading
RetractionWatch,nuanced_accurate
Returnkingmaga,misleading
ReuterAndreas,misleading
RiccoRicco222,nuanced_accurate
Richard00691257,nuanced_accurate
Richard36159175,nuanced_accurate
Richard41786952,misleading
Richard4m,misleading
RidaAller,misleading
RienNavelpluis,misleading
RightWingJewess,misleading
Risemelbourne,misleading
Roadras91467253,misleading
RobYard,misleading
RobZillig,misleading
RobbieBranch14,misleading
Robert83563198,nuanced_accurate
RobertBeadles,misleading
RobertHollist7,misleading
RobertKennedyJr,misleading
Robertonuzzoam,misleading
RobyFranois2,misleading
RodneyCorbine,misleading
RoelsMaarten,misleading
Rojowo,misleading
RolandTichy,misleading
RonChusid,nuanced_accurate
RossCameron4,misleading
RougeNoirUK,misleading
Rrenzokutai,nuanced_accurate
Rstorechildhood,misleading
RuthEBrown8888,misleading
S1rViv4l,misleading
SAFEintheUK,misleading
SCBoss22,nuanced_accurate
SEP_Britain,nuanced_accurate
SM100d,misleading
SMCK_99,misleading
SZ,nuanced_accurate
SZ_TopNews,nuanced_accurate
Saahil_Desai,nuanced_accurate
Saffiya_Khan1,nuanced_accurate
Saffrontulip,misleading
SaiyanBio,nuanced_accurate
SalVadacchino1,nuanced_accurate
SallyVadar,misleading
SamyPrivat,nuanced_accurate
SandraKMeier,misleading
SandraWeeden,misleading
SannaKSt,misleading
SavageAxF,misleading
SaveEarthLif,misleading
SawyersGhost,misleading
Schminxer,misleading
SciutoDr,misleading
Scotfree16R,misleading
SeanTho98192182,misleading
Seipenbusch,misleading
SeivwrightTrudy,misleading
SenJoniErnst,misleading
SenatorAOrr,misleading
Sensible__Med,misleading
SeosQuinn,misleading
SergioEfe,nuanced_accurate
SerkanK16508934,misleading
SerrynaWhitesi1,misleading
SethLeibsohn,misleading
SethMacFarlane,nuanced_accurate
ShOtCaL53610151,misleading
ShabanaMir1,nuanced_accurate
ShayCormac_1,misleading
Sheep_in_fog,nuanced_accurate
SheriWeinstein2,misleading
ShigekiKanamori,misleading
ShiraDoronMD,misleading
Shrdlu,nuanced_accurate
Si_Libertarian,misleading
SilentPatriot76,misleading
SimmonsBart,misleading
SinedWarrior,misleading
Skeptic_j,misleading
Slate,misleading
Smackenziekerr,misleading
Smalling5Jerry,misleading
SmileFreeUK,misleading
SnarkyCity,nuanced_accurate
Sociability,nuanced_accurate
SofAsimak,misleading
SophieCaligirl,misleading
SorenSchifter,misleading
SpacePirate144,misleading
SparkyBru,misleading
SpeicherTill,nuanced_accurate
Spike9151,nuanced_accurate
SpiralChris,misleading
Sprachlos12,misleading
SpyMabrouk26,misleading
Squanus1,nuanced_accurate
StBrandner,misleading
StTogether1,nuanced_accurate
StaceyMonette27,misleading
Stallea14,nuanced_accurate
StanVoWales,misleading
StanislasBerton,misleading
StefanThW,nuanced_accurate
StenRuediger,nuanced_accurate
StephenLevin33,nuanced_accurate
SteveBjrk2,misleading
SteveCameronPr1,misleading
SteveMcNY,misleading
StevePieczenik,misleading
StevePo48978082,misleading
StevenJHarper1,nuanced_accurate
StevenS23337721,misleading
SteviesQuotes,misleading
StillKP,misleading
StopMaskingKids,misleading
SubinthePub,misleading
Sue83762650,misleading
SugeWhite76,misleading
SukunaBikona7,nuanced_accurate
SuneLang,nuanced_accurate
SurvivalOutside,misleading
SusanBMorgan,nuanced_accurate
SusanMichie,nuanced_accurate
SuzanneAnton,misleading
SuzanneEvans1,misleading
SvDledare,misleading
SweetPeatrsburg,nuanced_accurate
Synchro2021,misleading
TB_TB_TB_TB_TB,misleading
TJ_FactCheck,nuanced_accurate
TM72774,misleading
TOMRJZSR,misleading
TPCarney,misleading
TPPatriots,misleading
TRyanGregory,nuanced_accurate
TTrumpSJapan,misleading
Takeactioncan,misleading
TakingoutTrash7,misleading
Tamama0306,misleading
TaraServatius,misleading
TastyMorsel6,misleading
Taxpayers1234,misleading
TaylorS11264605,nuanced_accurate
TedInvestigasi,misleading
Teemujazz,misleading
Templariusz6,misleading
TerriGerstein,nuanced_accurate
TertuliasLiber1,misleading
Tex1944,misleading
TexasLindsay_,misleading
TheAgenda,nuanced_accurate
TheAtlantic,nuanced_accurate
TheBigAK1,misleading
TheChiefNerd,misleading
TheCityTroll,misleading
TheKeeper46,misleading
TheSmartLawyer1,misleading
TheTorontoSun,misleading
TheWaynerS,misleading
The_Bouncer78,misleading
TheeThistle,misleading
Therealbp65,misleading
ThomasJFarrell7,misleading
Thooleramawn,nuanced_accurate
ThreadsIrish,misleading
TiceRichard,misleading
TichysEinblick,misleading
TieDyedOldLady,misleading
TigerMan5050,misleading
TijlDeBie,nuanced_accurate
TimRealityDE,misleading
Tim_Hayward_,misleading
TimeForThorium,misleading
ToddLaudy,misleading
Tom77285878,misleading
TomBrad18427379,misleading
TomBuck,misleading
TomHedrup,nuanced_accurate
Tom_Basile,misleading
Tomko_1,misleading
TomoK19835893,nuanced_accurate
TonyDowson5,misleading
TonyHinton2016,misleading
TonyIannitelli,misleading
TonyNikolic10,misleading
TorontoStar,nuanced_accurate
ToscanRalph,misleading
ToshiAkima,nuanced_accurate
TracingCovid,nuanced_accurate
TracyLCooper2,nuanced_accurate
TranspariMED,misleading
TraumaNews,misleading
Trismegistus963,misleading
TroyTassier,nuanced_accurate
Trrguni,misleading
TruncatedJest,misleading
TruthNinja316,misleading
TruthWarriorDad,misleading
TruthinWI,misleading
TsioutisC,nuanced_accurate
UKFreedomCamp,misleading
USMale7,misleading
UbakaOgbogu,nuanced_accurate
UlwellingRacing,misleading
Un_EtreHumain,misleading
UngaTheGreat,misleading
UnidosLiberales,misleading
UnityProjectUSA,misleading
UnityRace,nuanced_accurate
Unmaksedzeros,nuanced_accurate
Unwokehope,neutral
UpInTheHills,misleading
UsforThemUK,misleading
UzmEsraGunes,misleading
V52604779,misleading
VPrasadMDMPH,misleading
VVElomaa,misleading
V_its_me_,misleading
VacSafety,misleading
VenzMeg,nuanced_accurate
VeriteDiffusee,misleading
VincentGorman6,misleading
ViralNewsNYC,misleading
VirginiaBuysse,nuanced_accurate
VitimasVacinas,misleading
VoiceOfFranky,nuanced_accurate
Volksverpetzer,nuanced_accurate
W1LD_WAH1NE,misleading
WSWS_Updates,nuanced_accurate
WanjiruNjoya,misleading
WashTimes,misleading
WashTimesOpEd,misleading
Weltwoche,misleading
WereGeek,nuanced_accurate
WestOzDaz,misleading
WestcoastBCLife,nuanced_accurate
Wiep13396680,misleading
WilkowMajority,misleading
WillKingston,misleading
WilliamMcNall18,misleading
WilliamVancil,misleading
WofEUnion,misleading
WolfmannotJack,nuanced_accurate
Wolvenmoeder,misleading
WoodReporting,misleading
WylieGuide,misleading
XavierAbadMdG,nuanced_accurate
Xx17965797N,misleading
YALiberty,misleading
YLackstein,misleading
YaffaRaz,misleading
Yale_EM,nuanced_accurate
YasinAslanTrk1,misleading
Ye_Olde_Holborn,misleading
YodaSapiens_29,misleading
Yorksceptic,misleading
You3_JP,misleading
YukiNek56432140,misleading
YvesPDB,misleading
Zabsteroz,misleading
ZacBissonnette,misleading
ZeroWarningShot,misleading
ZobPresident,misleading
ZombyWoof2022,misleading
_LaKrYmO_,nuanced_accurate
_LaurentB,misleading
_ProtectTheKids,nuanced_accurate
_Wir_4,nuanced_accurate
__fusion,nuanced_accurate
_donalphonso,misleading
_nur_dabei,misleading
_richtig_falsch,nuanced_accurate
_ulmerspatz,nuanced_accurate
a_evangeli,nuanced_accurate
a_longhurst,nuanced_accurate
a_picazo,nuanced_accurate
aarmark,misleading
aaronsibarium,misleading
abirballan,misleading
abmakulec,nuanced_accurate
aconoscitore,misleading
adamcifu,neutral
adamkams,nuanced_accurate
adrian_s_garton,nuanced_accurate
aferrazzzz,misleading
afshineemrani,misleading
ahowardbrowne,misleading
ahzoov,nuanced_accurate
airpophealth,nuanced_accurate
ajlamesa,nuanced_accurate
akmcintyre,misleading
alan_poirier,misleading
alandrummond2,nuanced_accurate
alanfryermedia,misleading
albanypeacenik,misleading
albernap,misleading
alberto_roman83,nuanced_accurate
alex_n_boyd,nuanced_accurate
alexanderrusso,neutral
alexguim,misleading
alexrivasm,misleading
alicekorngold,nuanced_accurate
alinefortuna2,nuanced_accurate
alumilynn,misleading
amapresident,nuanced_accurate
aminamnzr,misleading
amlivemon,misleading
ammejo1,misleading
amyyes,misleading
andrewbostom,misleading
andrexnoel,nuanced_accurate
angeliquedeberg,nuanced_accurate
anhcampaign,misleading
anish_koka,misleading
anna46977604,nuanced_accurate
anneeller,nuanced_accurate
anouk1818,nuanced_accurate
antbar12,misleading
antonis_m1966,misleading
apelsinapparat,misleading
applepods,nuanced_accurate
appletwoplus,nuanced_accurate
arahagaN_1,misleading
aravindmc,misleading
arnowuensche,misleading
aroberts3016,misleading
arstechnica,nuanced_accurate
atomic_79,misleading
atsushimiyahara,nuanced_accurate
austieJFish,nuanced_accurate
avatans,misleading
avoiceforchoice,misleading
awakenindiamov,misleading
awakenindiamvmt,misleading
awprokop,nuanced_accurate
azavascki,nuanced_accurate
baby_kamex,misleading
bac37,misleading
bachyns,nuanced_accurate
backtolife_2023,misleading
balrogsbane,misleading
bamajayt,misleading
banjoy,nuanced_accurate
barak_a_m,misleading
baronantibes,misleading
barriere_dr,nuanced_accurate
bartmckinley,misleading
bartoszewicz_mg,misleading
battleforeurope,misleading
bc_perspective,misleading
becca_buono,misleading
beimwort,misleading
bell00david,neutral
ben_kew,misleading
benoitm_mtl,misleading
bentman,nuanced_accurate
beowulf888,nuanced_accurate
berlinerzeitung,nuanced_accurate
berniemoreno,misleading
bert_kreitlow,nuanced_accurate
besse_pascale,misleading
bethanyshondark,misleading
bethkenny411,nuanced_accurate
bethsd,nuanced_accurate
betterworld_24,misleading
bhrenton,nuanced_accurate
biaklimeck,nuanced_accurate
biello_joseph,misleading
bingsuzuki,misleading
biologyphenom,misleading
birb_k,misleading
bitterlemmer,misleading
bjkingape,misleading
blusterbus,misleading
blvlaw,misleading
bmarcois,misleading
boblister_poole,misleading
boevvvv,misleading
bouboulandQC,misleading
brittdorton,misleading
brooklynmarie,nuanced_accurate
brotto_marco,misleading
bruce_y_lee,nuanced_accurate
bryanrwalsh,nuanced_accurate
bryusay,misleading
bugsbunny2163,misleading
bunkybun,nuanced_accurate
business,nuanced_accurate
buyukuyanisder,misleading
c0v1d1984,misleading
ca7era,misleading
camerokt_,nuanced_accurate
canberra_angie,nuanced_accurate
cansubyrktr,misleading
carlheneghan,misleading
carloselias64,misleading
carolina_bonita,misleading
carouru2,misleading
carpe_diem0820,nuanced_accurate
cathy54covell,misleading
catturd2,misleading
ccbecker271,nuanced_accurate
cclareMDMPH,nuanced_accurate
cdavidnaylor,nuanced_accurate
celestial_bean_,nuanced_accurate
centinel5051,nuanced_accurate
cetondada,nuanced_accurate
charles_phoda,misleading
chicksonright,misleading
chifumi_k,nuanced_accurate
chocolatefireg2,misleading
chrishbenge,nuanced_accurate
christianperez,nuanced_accurate
christyfraser,nuanced_accurate
cicero_online,misleading
citizenjournos_,misleading
citlanx,nuanced_accurate
cjsnowdon,nuanced_accurate
claricefeldman7,misleading
climarepentino,misleading
coffee_anytime,misleading
coisasdewill,misleading
colbobs77,nuanced_accurate
colonelreb5791,misleading
colvieux,nuanced_accurate
commieleejones,misleading
commondreams,nuanced_accurate
continetti,misleading
coopSpeak,nuanced_accurate
cousincat,nuanced_accurate
covid_clarity,neutral
covidacc,nuanced_accurate
covidanarchy,misleading
crackedscience,nuanced_accurate
cricketwyvern,misleading
crosscutanne,nuanced_accurate
crwequine,nuanced_accurate
cto_tim,misleading
cvamarosa,nuanced_accurate
cwarzel,nuanced_accurate
dadavis65,misleading
daddeo123,misleading
dadshonan,misleading
dagenmcdowell,misleading
dagies,nuanced_accurate
dailycallout,misleading
damiandeehan1,misleading
dancemonkey73,misleading
daniela127,misleading
danielkotzin,misleading
dantelpowers,misleading
danwalker9999,nuanced_accurate
dave1agar,nuanced_accurate
daveanthony,nuanced_accurate
davekarpf,nuanced_accurate
davidemccune,misleading
davidicke,misleading
davidjmcwalter,misleading
davidjthunder,nuanced_accurate
davidzweig,misleading
dcexaminer,misleading
ddiamond,nuanced_accurate
deSunShineBand,misleading
deesbarbara,nuanced_accurate
delsottano,nuanced_accurate
denise_dewald,nuanced_accurate
deplorabletbs40,misleading
derkrunhaar,misleading
derspiegel,nuanced_accurate
dewigmore,nuanced_accurate
dgurdasani1,nuanced_accurate
diannaj_007,misleading
didier_paul,nuanced_accurate
discoball2000,nuanced_accurate
djhxiaoming,misleading
dlberes,nuanced_accurate
dm_ms,nuanced_accurate
doc__s,nuanced_accurate
doc_gero,misleading
doc_singing,misleading
docbrandenburg,misleading
docdu16,nuanced_accurate
doceos2,nuanced_accurate
dockaurG,misleading
doctorahmad75,nuanced_accurate
doctorasadkhan,nuanced_accurate
doctorshaib,nuanced_accurate
dokhollidays,nuanced_accurate
donttrustgovt,misleading
doritmi,nuanced_accurate
dr4liberty,nuanced_accurate
drDavidKeegan,nuanced_accurate
dr_kkjetelina,nuanced_accurate
dragonfishy,neutral
drahmetrasim,misleading
drdrew,misleading
dregenus,nuanced_accurate
dreverettpiper,misleading
drfranksauer,nuanced_accurate
drgerryF,misleading
drjoesDIYhealth,misleading
drkerrynphelps,nuanced_accurate
drlucymcbride,neutral
drmikehart,misleading
dropbuckets3,misleading
drscott_atlanta,misleading
drumrolls2365,misleading
dstaples,misleading
dstefanos,misleading
dupuisj,nuanced_accurate
durant_cd,misleading
dvduadotcom,nuanced_accurate
dynamex,misleading
dystopian_DU,misleading
eatatjoe2,nuanced_accurate
eatinglasvegas,misleading
echarlu,nuanced_accurate
ecotraveler,nuanced_accurate
edmontonjournal,misleading
eero_tillanen,misleading
eevblog,misleading
effiedog,nuanced_accurate
eileeniorio,misleading
elecord,nuanced_accurate
eliyanavd,nuanced_accurate
ellepiari,nuanced_accurate
elrjay,nuanced_accurate
emynarnon,nuanced_accurate
enricofromitaly,misleading
equal_ibrium,misleading
erichhartmann,misleading
erin_VMD,nuanced_accurate
etavares_press,misleading
ethicalpsycholo,nuanced_accurate
evan_neilsen,misleading
evelio_prieto,nuanced_accurate
f2harrell,nuanced_accurate
factcheckdotorg,nuanced_accurate
fagulha_teresa,misleading
familyunequal,misleading
farmingandJesus,misleading
feds4medfreedom,misleading
feeonline,misleading
felicittina,misleading
fengyunshe,misleading
fgavazzoni,misleading
fgidf98fj9jh0h,misleading
filipe_rafaeli,misleading
finalvent,nuanced_accurate
forbeshealth,nuanced_accurate
forreferenseize,nuanced_accurate
foxnewspolitics,misleading
fradarl29,nuanced_accurate
frankarmstrong2,misleading
freddiesayers,misleading
freedom2058,misleading
frei_geist_,misleading
froomkin,misleading
fuctmind,misleading
fud31,misleading
fueledbyscience,nuanced_accurate
gabisp22,misleading
gartlgruber,nuanced_accurate
garybizzo,misleading
gatewaypundit,misleading
gazetadopovo,misleading
geoffberner,nuanced_accurate
gibbons_darcy,misleading
glasspateldruck,nuanced_accurate
gobantwo2,misleading
goddeketal,nuanced_accurate
goodgawdallmyte,nuanced_accurate
goodsirjames,misleading
goutraillon,misleading
graciefacelove,misleading
graeme_0,nuanced_accurate
granitewinger,misleading
greenhousemd,nuanced_accurate
greg_travis,neutral
gregggonsalves,nuanced_accurate
gregorypower6,nuanced_accurate
gstarwind,misleading
guardian,nuanced_accurate
guffynicola,misleading
gummibear737,nuanced_accurate
guypbenson,misleading
h_suevan,misleading
haake_daniel,nuanced_accurate
happyhexer,nuanced_accurate
haussamen,nuanced_accurate
haveaconcern,misleading
hazardscampaign,nuanced_accurate
health146,nuanced_accurate
healthbyjames,misleading
heather09332768,misleading
hector_drummond,misleading
heliramax,misleading
herbst41,misleading
herman_beumer,misleading
heterodoksno,misleading
hholdenthorp,nuanced_accurate
hicksyalex,misleading
hidy71,misleading
high_non_sense,nuanced_accurate
hikosaemon,nuanced_accurate
hiltzikm,nuanced_accurate
hoaxcovid19,nuanced_accurate
hofrench,nuanced_accurate
holmenkollin,misleading
hotairblog,misleading
hotgovernment1,misleading
houmanhemmati,neutral
hpmacd,neutral
hri1OO,misleading
hrkbenowen,misleading
hsfi,misleading
htown_Joe,nuanced_accurate
hubnm,misleading
hudikaha,nuanced_accurate
hughhewitt,misleading
i_petersen,nuanced_accurate
ianmSC,misleading
ianmcdermottLSO,misleading
ichudov,misleading
ideias_gp,misleading
ifihadastick,misleading
iinakobe2,nuanced_accurate
il_salo,nuanced_accurate
illusion510851,misleading
imfluesterkanal,misleading
ingomar_gutmann,misleading
interestedamrcn,misleading
itamon6,misleading
ivanpuopolo,misleading
j_g_allen,nuanced_accurate
jacobsullum,misleading
jacquetnyc,misleading
jaesonv,misleading
jahjah311,misleading
jakewisk,misleading
jamie_blom,misleading
jangajentaan,misleading
jasonrileywsj,misleading
jathorpmfm,misleading
javedalloo,nuanced_accurate
jayberjay,misleading
jaycurrie,misleading
jaypinho,misleading
jbarab,nuanced_accurate
jcdsiemens,misleading
jeffjarvis,nuanced_accurate
jeffreyatucker,misleading
jeffwagner620,misleading
jeha2019,misleading
jessJuicePosie,nuanced_accurate
jflier,misleading
jhall251,nuanced_accurate
jhaskinscabrera,misleading
jhmdrei,misleading
jilevin,nuanced_accurate
jim_neiberger,misleading
jimenezlessons4,misleading
jimiuorio,misleading
jimohar,nuanced_accurate
jinpeiishii,nuanced_accurate
jksowell63,nuanced_accurate
jljcolorado,nuanced_accurate
jmyremets,misleading
jn_arsenault,nuanced_accurate
joabr,nuanced_accurate
joehick58,nuanced_accurate
joeolivermd,nuanced_accurate
john4brexit,misleading
john_bumblebee,misleading
johnebooth1,misleading
johnkriby1,misleading
jonathanderson,nuanced_accurate
jonny0138,misleading
jonpsanders,misleading
jonshaffer,nuanced_accurate
josegallucci,nuanced_accurate
josehorta_,misleading
josephcollins77,nuanced_accurate
joshsey07543778,misleading
jrcflatheadmemo,nuanced_accurate
jswatz,nuanced_accurate
judyannaggie,misleading
juicemaster,misleading
julesaf68,misleading
julia_jusa1,misleading
julielipsss,nuanced_accurate
julija9j,misleading
juliocroda,nuanced_accurate
julredman,nuanced_accurate
juneslater17,misleading
justfara,nuanced_accurate
justicenow_alan,nuanced_accurate
jvipondmd,nuanced_accurate
jwnickerson,nuanced_accurate
k1yamachan,nuanced_accurate
kacdnp91,misleading
kai958531911,nuanced_accurate
karaswisher,nuanced_accurate
karenvaites,neutral
katajapihlaja,misleading
kate_freedomer,misleading
katharina_munz,misleading
kathryn_mcw,nuanced_accurate
katjabraendle,misleading
kdoepp22,misleading
kein_Feind,misleading
kelaher,nuanced_accurate
kelcsimpkins,nuanced_accurate
kerpen,neutral
kevinnbass,misleading
khkarch,nuanced_accurate
killedbyproxy,nuanced_accurate
kim_siever,nuanced_accurate
kkkkkkk777,misleading
klub_skeptiku,nuanced_accurate
knows_nik,misleading
korcanayata,misleading
korstraw,nuanced_accurate
koshudanji,misleading
kprather88,nuanced_accurate
kung_fu_jedi,misleading
kutschera_u,nuanced_accurate
kwardvancouver,nuanced_accurate
ky_statesman,misleading
kylenabecker,misleading
kyoutonoinaka,misleading
la_lune_brille,nuanced_accurate
ladyonorato,misleading
lak_ted,misleading
lakaruppropet1,misleading
landis_melinda,nuanced_accurate
larabazelon,nuanced_accurate
larryelder,misleading
latimeralder,misleading
latimes,nuanced_accurate
lawyer4laws,misleading
lchaim2life,misleading
leandroruschel,misleading
leandrotessler,nuanced_accurate
legallymom2,misleading
lemire,misleading
leoniedelt,misleading
les_paul67,misleading
letoshia123,nuanced_accurate
libertyscott,misleading
lifebiomedguru,misleading
liisatlaine,nuanced_accurate
lisakeb007,misleading
lithohedron,nuanced_accurate
longword,nuanced_accurate
lsferguson,misleading
luckytran,nuanced_accurate
lungendoc,nuanced_accurate
lvogruppo,misleading
lwoodhouse,misleading
lyndalpn,nuanced_accurate
m_grill,nuanced_accurate
ma_pion,nuanced_accurate
mab_sp125,misleading
macroaggressio3,misleading
magsnichols,misleading
mainstreamwatch,misleading
makimakiOL,nuanced_accurate
mandatemasksus,nuanced_accurate
marcio37,misleading
markorusso69,misleading
marktmaclean,nuanced_accurate
marlies1512,misleading
marsha_mcclary,misleading
marycoheng,misleading
masanpra,nuanced_accurate
masknerd,nuanced_accurate
maskupsweden,misleading
mass_voll,misleading
matjendav4,misleading
matpVI,nuanced_accurate
matsuneko25,nuanced_accurate
mattias_neo,misleading
mattletiss7,misleading
maxbiaggi30,misleading
maxfawcett,nuanced_accurate
mbalter,nuanced_accurate
mdlhenning,misleading
mdsch23,nuanced_accurate
medinalorca,misleading
medlegalrn,misleading
megbasham,misleading
megcrane8,misleading
melby46,misleading
meomy1236,nuanced_accurate
mercedesschlapp,misleading
meredithwadman,nuanced_accurate
mesiasan,nuanced_accurate
metal_black2,nuanced_accurate
metalmaster63,misleading
mgsiegler,nuanced_accurate
miamivandynyu,misleading
miaumiau1975,nuanced_accurate
micah_arsham,nuanced_accurate
michael_riordan,misleading
michaelpsenger,misleading
michaelshermer,nuanced_accurate
mindpumpsal,misleading
minordissent,misleading
mitsuemon666,misleading
mjb302,nuanced_accurate
mlauriat,nuanced_accurate
mohno,nuanced_accurate
monicaMedHist,nuanced_accurate
monsoonsharma,misleading
morgfair,nuanced_accurate
mrddmia,misleading
mrrussianz,misleading
msb14220,misleading
mskathleenquinn,nuanced_accurate
msmeaghanb,nuanced_accurate
mthjwbgs,misleading
murraygilman,misleading
musikutiv,nuanced_accurate
mwhecloc,misleading
my_fc1,nuanced_accurate
myelasticheart_,misleading
myknittingwool,nuanced_accurate
mynbc15,misleading
myrabatchelder,nuanced_accurate
nEFJZK0gZfLlMqe,misleading
nana7770214,misleading
nataliejennings,nuanced_accurate
nationalpost,misleading
nayrb_s,misleading
nbardEff,nuanced_accurate
nbm_1981,misleading
nbreavington,misleading
ndtvfeed,misleading
neontaster,misleading
newmind99,misleading
news_pug,misleading
newscomauHQ,nuanced_accurate
newvangelicals,nuanced_accurate
nf_freiheit,misleading
niceblackdude,misleading
nickineily,misleading
nicolosi_frank,misleading
nigel2john,nuanced_accurate
nikolausf,nuanced_accurate
nishiurah,nuanced_accurate
nmlinguaphile,misleading
nmrqip,misleading
nomandates23,misleading
norbalc,misleading
norionakatsuji,nuanced_accurate
normanpie,misleading
normanswan,nuanced_accurate
norstabu,misleading
northerness,misleading
notoaotearoa,misleading
notvanshnarang,misleading
nsgwrit,nuanced_accurate
nspector4,nuanced_accurate
nypost,misleading
nytopinion,nuanced_accurate
oa_perry,misleading
odrobsed,misleading
oftenuncommon,misleading
oida_grantler,nuanced_accurate
olabocos,misleading
oldnick53,nuanced_accurate
oliver93877389,misleading
omneco,misleading
oopartpt,misleading
opdrokanozdemir,misleading
organichyck,nuanced_accurate
orientis312,nuanced_accurate
orinofactor,misleading
orwell2022,misleading
osamu_iga,misleading
ostrachan,misleading
pafournier,nuanced_accurate
paimadhu,nuanced_accurate
palafo,nuanced_accurate
palbergstrom,nuanced_accurate
pangolincovid,nuanced_accurate
pash22,nuanced_accurate
patgill69033215,misleading
patrice_france,misleading
patricia_kooy,misleading
patrickbetdavid,misleading
patriot_hammer,misleading
paxipax_heleane,misleading
pbhushan1,misleading
pbleic,nuanced_accurate
peachypuk,misleading
peakpilot,misleading
pearltwist,misleading
pelagicbird,misleading
perlyswietlne,nuanced_accurate
petertomasi1,nuanced_accurate
petteri_vaara,misleading
pettypodcast1,misleading
pfbarbadillo,misleading
pi_do_ri,misleading
picardonhealth,nuanced_accurate
picklesepp,nuanced_accurate
pjhlaw,misleading
placentadoc,nuanced_accurate
poeteguerisseur,misleading
politicalmath,nuanced_accurate
poltheoryother,nuanced_accurate
pooya_kazemi,misleading
post_professor,nuanced_accurate
pqpolitics,nuanced_accurate
prairie_2,misleading
prof_martens,nuanced_accurate
profcemartinez,misleading
profesterman,nuanced_accurate
profnfenton,misleading
profontheright,misleading
profplum8,nuanced_accurate
profsked,misleading
progressivepush,nuanced_accurate
prohibidosaber,misleading
projectn95,nuanced_accurate
pronoun_impared,misleading
prwhittle,misleading
psirides,misleading
pstroybrewer,misleading
purereason1972,misleading
pursuethefacts,misleading
pvtjokerus,misleading
q_basia,misleading
quatremer,misleading
rPurplePolitics,misleading
rafapal,misleading
raggedlines,misleading
raghu_venugopal,nuanced_accurate
rainbowrowell,nuanced_accurate
rayrothfe,misleading
rdcarrington,misleading
reBa23456,misleading
realGregKarnes,misleading
realTuckFrumper,nuanced_accurate
real_willard,misleading
realjoetes,misleading
realmichaelseif,misleading
reason,misleading
reg1776,misleading
respect65,misleading
rhonda234567,nuanced_accurate
rideretw,misleading
ringothe5th,misleading
ritholtz,nuanced_accurate
rkylesmith,misleading
rmille10,nuanced_accurate
robbwolf,misleading
robbysoave,misleading
robbystarbuck,misleading
robinmonotti,misleading
roblevine82,nuanced_accurate
rodochri90,misleading
rogerkimball,misleading
rosecityoutrage,misleading
rosemar17213777,misleading
rosenbusch_,neutral
rosey_nz,misleading
rosi_lux,misleading
royeidelson,nuanced_accurate
rpetty,misleading
rpoconnor,misleading
rupasubramanya,misleading
ry_lnt,nuanced_accurate
ryangerritsen,misleading
ryanmcmaken,misleading
s_w_s_m,nuanced_accurate
sabhlok,nuanced_accurate
saddamscribe,nuanced_accurate
sajhm13,misleading
saletan,nuanced_accurate
sally_tanner,misleading
sameo416,nuanced_accurate
samuel_tuominen,misleading
sanchak74,misleading
sandrineaink,misleading
saralessard9,misleading
sarasrabbithole,misleading
sarekore,nuanced_accurate
sari12356,nuanced_accurate
savehansson,nuanced_accurate
schmutzie,nuanced_accurate
scholle14000,misleading
scojw,misleading
scott_cb,misleading
scottburrisphlr,neutral
scotttopia,misleading
seanhannity,misleading
seanspicer,misleading
sebi_com_de,misleading
semiwittybrad,nuanced_accurate
serdardirican,nuanced_accurate
sergioassia,nuanced_accurate
sgdambrauskas,misleading
shailjapatel,nuanced_accurate
shanpalus,misleading
sharonkgilbert,misleading
sheepchase,nuanced_accurate
shifanahmed20,misleading
shmuelcshapira,misleading
shoesonplease,misleading
shoshanahjacobs,nuanced_accurate
silvano_trotta,misleading
silverbullitt2,misleading
simondonner,misleading
sinsiglasya,misleading
sjs856,nuanced_accurate
slessard2000,misleading
smalltownpeddoc,misleading
smolny7,misleading
snowryd3r,misleading
sophiatseliem,misleading
sosReports,misleading
spectator,misleading
spektrum,nuanced_accurate
spindezine,nuanced_accurate
spottedpelican,nuanced_accurate
srasberry1,misleading
sreizes,nuanced_accurate
sri_srikrishna,nuanced_accurate
srobhartkopf,misleading
st_procopiou,misleading
staatsversagen,misleading
statto,nuanced_accurate
stebellentani,misleading
steve_hanke,misleading
stewak2,misleading
stkirsch,misleading
stoddglenn,misleading
stohr_klaus,misleading
stracha15,misleading
stratosathens,nuanced_accurate
strauss_matt,misleading
stuartvyse,nuanced_accurate
subacco04405372,nuanced_accurate
suenaga_kei,misleading
sueplick,nuanced_accurate
sunanda_creagh,nuanced_accurate
sunsimonkent,misleading
surveilz,misleading
susi_lins,nuanced_accurate
suzanne_weijers,misleading
suziesnoozle,misleading
suzuki_takaya,nuanced_accurate
swanson1776,misleading
syramadad,nuanced_accurate
tagesschau,nuanced_accurate
tah_soons,nuanced_accurate
taipan168,nuanced_accurate
tak53381102,nuanced_accurate
tan123,nuanced_accurate
taniataylorpowe,nuanced_accurate
taradublinrocks,misleading
tatiann69922625,misleading
tazalot1981,misleading
ten24get,nuanced_accurate
ten_bandits,nuanced_accurate
terra_cremada,misleading
tgradous,misleading
thackerpd,misleading
thanewisc,nuanced_accurate
thechrisbuskirk,misleading
thecoffeesfresh,misleading
thecollator,misleading
thehill,misleading
theisabelb,misleading
thejimjams,misleading
thejohnrobson,misleading
thelucyjohnston,misleading
thenation,nuanced_accurate
thepairodocs,misleading
thepugnews,misleading
therealrthorat,nuanced_accurate
therewasnosound,nuanced_accurate
thetoyman1,misleading
thisadoration,misleading
thomasjwwalters,nuanced_accurate
thomaskaine5,nuanced_accurate
tickerguy,misleading
tigresseleanor,nuanced_accurate
timrchurch,nuanced_accurate
tk_harada_tk,nuanced_accurate
tmhohl71,nuanced_accurate
toadmeister,misleading
toddtalk,misleading
todomejorqenada,misleading
tokyohelper,nuanced_accurate
tolgaozcelkk90,misleading
tomdabassman,nuanced_accurate
tommyboy0690,nuanced_accurate
tomregenauer,misleading
torrHL,nuanced_accurate
tou_kuu,misleading
townhallcom,misleading
tperkins,misleading
trevisan_paulo,misleading
trevorw1953,nuanced_accurate
trishgreenhalgh,nuanced_accurate
trott1073,nuanced_accurate
truchotphilipp1,misleading
truckster1,misleading
tucabr54,misleading
tuomaspeltomaki,misleading
twisdu,misleading
twpiggott,nuanced_accurate
ugghater,misleading
umairfan,nuanced_accurate
unbiasedscipod,nuanced_accurate
unbridledmd,misleading
undarkmag,nuanced_accurate
underearth100,misleading
unetomaterouge,nuanced_accurate
unhealthytruth,misleading
unherd,misleading
unkotaberuno,misleading
unmasking_media,misleading
urbanerm1t,misleading
urgencyofnormal,misleading
usatodayopinion,misleading
usg_ringo,nuanced_accurate
v_joron,misleading
valjtb,misleading
veit_markus,nuanced_accurate
vera_tenacious,nuanced_accurate
verdadesofenden,misleading
verysimple,neutral
veteprotein,misleading
vicmidnightsun,nuanced_accurate
vincent36064321,misleading
vincristine,nuanced_accurate
vino_2nd,nuanced_accurate
virgilio_feliz,misleading
virsamajor,nuanced_accurate
visualplague,nuanced_accurate
vl_plus,misleading
vlal42,misleading
voigt_peter,nuanced_accurate
vonGammCom,misleading
voxdotcom,nuanced_accurate
websterscat,misleading
wecarryon2,nuanced_accurate
weese_scott,nuanced_accurate
wendyrvm,nuanced_accurate
westerlaken2,misleading
western_lawman,misleading
whatsrightsam,misleading
white_bite,nuanced_accurate
why_not_nemo,nuanced_accurate
wilko_wedyn,misleading
willybamboo,misleading
wim999,misleading
witchdoc007,misleading
wolfie_smythe,misleading
wrestlerkw7,misleading
xRenee0,misleading
x_J_E_M_x,misleading
y_gokay,misleading
yamatonochikai,misleading
yariv_hammer,misleading
yeselson,nuanced_accurate
ygjumi,nuanced_accurate
yneb_on,misleading
yoamomagallanes,misleading
yoksig,nuanced_accurate
yomoyomo,nuanced_accurate
youngod93,misleading
yudapearl,misleading
yvesbourdillon,misleading
zOjzQ8sS9mqZ5yQ,misleading
zac1967,misleading
zeitonline_ges,nuanced_accurate
zerohedge,misleading
zerohedgejpn,misleading
zeynep,nuanced_accurate
zg4ever,nuanced_accurate
ziplamak,nuanced_accurate
zoeharcombe,misleading
zoominfire1,misleading
zukunft37,misleading
