username,retweets,tweet_id,original_link,tweet
Jeff_Jacoby,18,1628190115670507527,https://www.nytimes.com/2023/02/21/opinion/do-mask-mandates-work.html,https://twitter.com/Jeff_Jacoby/status/1628190115670507527
nytopinion,133,1628193032238505990,https://www.nytimes.com/2023/02/21/opinion/do-mask-mandates-work.html,https://twitter.com/nytopinion/status/1628193032238505990
KevinBardosh,320,1628194485984444417,https://www.nytimes.com/2023/02/21/opinion/do-mask-mandates-work.html,https://twitter.com/KevinBardosh/status/1628194485984444417
VPrasadMDMPH,71,1628195946579501058,https://www.nytimes.com/2023/02/21/opinion/do-mask-mandates-work.html,https://twitter.com/VPrasadMDMPH/status/1628195946579501058
EWBSW14,60,1628196242831339520,https://www.nytimes.com/2023/02/21/opinion/do-mask-mandates-work.html,https://twitter.com/EWBSW14/status/1628196242831339520
ajlamesa,16,1628196417712926721,https://www.nytimes.com/2023/02/21/opinion/do-mask-mandates-work.html,https://twitter.com/ajlamesa/status/1628196417712926721
ZacBissonnette,63,1628200738009522176,https://www.nytimes.com/2023/02/21/opinion/do-mask-mandates-work.html,https://twitter.com/ZacBissonnette/status/1628200738009522176
AndrewGutmann,11,1628201501301649408,https://www.nytimes.com/2023/02/21/opinion/do-mask-mandates-work.html,https://twitter.com/AndrewGutmann/status/1628201501301649408
VPrasadMDMPH,98,1628202040655773696,https://www.nytimes.com/2023/02/21/opinion/do-mask-mandates-work.html,https://twitter.com/VPrasadMDMPH/status/1628202040655773696
magsnichols,94,1628202135736156161,https://www.nytimes.com/2023/02/21/opinion/do-mask-mandates-work.html,https://twitter.com/magsnichols/status/1628202135736156161
drlucymcbride,304,1628205731433402371,https://www.nytimes.com/2023/02/21/opinion/do-mask-mandates-work.html,https://twitter.com/drlucymcbride/status/1628205731433402371
omneco,72,1628207302250561537,https://www.nytimes.com/2023/02/21/opinion/do-mask-mandates-work.html,https://twitter.com/omneco/status/1628207302250561537
amlivemon,12,1628212187788443648,https://www.nytimes.com/2023/02/21/opinion/do-mask-mandates-work.html,https://twitter.com/amlivemon/status/1628212187788443648
rupasubramanya,237,1628212688848400385,https://www.nytimes.com/2023/02/21/opinion/do-mask-mandates-work.html,https://twitter.com/rupasubramanya/status/1628212688848400385
JoshWalkos,271,1628214511248281602,https://www.nytimes.com/2023/02/21/opinion/do-mask-mandates-work.html,https://twitter.com/JoshWalkos/status/1628214511248281602
JenniferSey,95,1628215114645098497,https://www.nytimes.com/2023/02/21/opinion/do-mask-mandates-work.html,https://twitter.com/JenniferSey/status/1628215114645098497
commieleejones,12,1628215825944510465,https://www.nytimes.com/2023/02/21/opinion/do-mask-mandates-work.html,https://twitter.com/commieleejones/status/1628215825944510465
JeninYounesEsq,81,1628216120342679552,https://www.nytimes.com/2023/02/21/opinion/do-mask-mandates-work.html,https://twitter.com/JeninYounesEsq/status/1628216120342679552
NanyPardo,6,1628216478498533377,https://www.nytimes.com/2023/02/21/opinion/do-mask-mandates-work.html,https://twitter.com/NanyPardo/status/1628216478498533377
danielkotzin,44,1628217492358176768,https://www.nytimes.com/2023/02/21/opinion/do-mask-mandates-work.html,https://twitter.com/danielkotzin/status/1628217492358176768
graciefacelove,180,1628219855571914753,https://www.nytimes.com/2023/02/21/opinion/do-mask-mandates-work.html,https://twitter.com/graciefacelove/status/1628219855571914753
daniela127,32,1628219956079869956,https://www.nytimes.com/2023/02/21/opinion/do-mask-mandates-work.html,https://twitter.com/daniela127/status/1628219956079869956
FGarridoB,13,1628223683394256899,https://www.nytimes.com/2023/02/21/opinion/do-mask-mandates-work.html,https://twitter.com/FGarridoB/status/1628223683394256899
nomandates23,5,1628225137014194176,https://www.nytimes.com/2023/02/21/opinion/do-mask-mandates-work.html,https://twitter.com/nomandates23/status/1628225137014194176
LetOregonLearn,5,1628226669436862464,https://www.nytimes.com/2023/02/21/opinion/do-mask-mandates-work.html,https://twitter.com/LetOregonLearn/status/1628226669436862464
lemire,22,1628227539146575872,https://www.nytimes.com/2023/02/21/opinion/do-mask-mandates-work.html,https://twitter.com/lemire/status/1628227539146575872
StopMaskingKids,12,1628227715693256706,https://www.nytimes.com/2023/02/21/opinion/do-mask-mandates-work.html,https://twitter.com/StopMaskingKids/status/1628227715693256706
jeffreyatucker,84,1628229023552733184,https://www.nytimes.com/2023/02/21/opinion/do-mask-mandates-work.html,https://twitter.com/jeffreyatucker/status/1628229023552733184
nytopinion,79,1628229503989293058,https://www.nytimes.com/2023/02/21/opinion/do-mask-mandates-work.html,https://twitter.com/nytopinion/status/1628229503989293058
yvesbourdillon,66,1628230426526420992,https://www.nytimes.com/2023/02/21/opinion/do-mask-mandates-work.html,https://twitter.com/yvesbourdillon/status/1628230426526420992
Adam_Creighton,36,1628231171741040642,https://www.nytimes.com/2023/02/21/opinion/do-mask-mandates-work.html,https://twitter.com/Adam_Creighton/status/1628231171741040642
Adam_Creighton,31,1628232551574736897,https://www.nytimes.com/2023/02/21/opinion/do-mask-mandates-work.html,https://twitter.com/Adam_Creighton/status/1628232551574736897
Matt_HorwoodET,14,1628232987325202432,https://www.nytimes.com/2023/02/21/opinion/do-mask-mandates-work.html,https://twitter.com/Matt_HorwoodET/status/1628232987325202432
JordanSchachtel,95,1628233375717752832,https://www.nytimes.com/2023/02/21/opinion/do-mask-mandates-work.html,https://twitter.com/JordanSchachtel/status/1628233375717752832
drdrew,40,1628235220695621632,https://www.nytimes.com/2023/02/21/opinion/do-mask-mandates-work.html,https://twitter.com/drdrew/status/1628235220695621632
ITGuy1959,17,1628237104894382085,https://www.nytimes.com/2023/02/21/opinion/do-mask-mandates-work.html,https://twitter.com/ITGuy1959/status/1628237104894382085
scottburrisphlr,5,1628238732288573441,https://www.nytimes.com/2023/02/21/opinion/do-mask-mandates-work.html,https://twitter.com/scottburrisphlr/status/1628238732288573441
AdamShawNY,5,1628239548135120896,https://www.nytimes.com/2023/02/21/opinion/do-mask-mandates-work.html,https://twitter.com/AdamShawNY/status/1628239548135120896
ClayTravis,210,1628240475143520257,https://www.nytimes.com/2023/02/21/opinion/do-mask-mandates-work.html,https://twitter.com/ClayTravis/status/1628240475143520257
AndyGrewal,12,1628241100547784705,https://www.nytimes.com/2023/02/21/opinion/do-mask-mandates-work.html,https://twitter.com/AndyGrewal/status/1628241100547784705
MSmelkinsonPhD,31,1628241231733047297,https://www.nytimes.com/2023/02/21/opinion/do-mask-mandates-work.html,https://twitter.com/MSmelkinsonPhD/status/1628241231733047297
sanchak74,10,1628241548675780614,https://www.nytimes.com/2023/02/21/opinion/do-mask-mandates-work.html,https://twitter.com/sanchak74/status/1628241548675780614
oa_perry,10,1628242186234994688,https://www.nytimes.com/2023/02/21/opinion/do-mask-mandates-work.html,https://twitter.com/oa_perry/status/1628242186234994688
MichaelPSenger,305,1628243406253355013,https://www.nytimes.com/2023/02/21/opinion/do-mask-mandates-work.html,https://twitter.com/MichaelPSenger/status/1628243406253355013
BuckSexton,780,1628245279622238209,https://www.nytimes.com/2023/02/21/opinion/do-mask-mandates-work.html,https://twitter.com/BuckSexton/status/1628245279622238209
AnthonyCabassa_,18,1628246250679332864,https://www.nytimes.com/2023/02/21/opinion/do-mask-mandates-work.html,https://twitter.com/AnthonyCabassa_/status/1628246250679332864
legallymom2,8,1628247521343508481,https://www.nytimes.com/2023/02/21/opinion/do-mask-mandates-work.html,https://twitter.com/legallymom2/status/1628247521343508481
RedPilledChica,7,1628249970100011011,https://www.nytimes.com/2023/02/21/opinion/do-mask-mandates-work.html,https://twitter.com/RedPilledChica/status/1628249970100011011
realmichaelseif,515,1628252182020751362,https://www.nytimes.com/2023/02/21/opinion/do-mask-mandates-work.html,https://twitter.com/realmichaelseif/status/1628252182020751362
54JohnBull,12,1628257209598775296,https://www.nytimes.com/2023/02/21/opinion/do-mask-mandates-work.html,https://twitter.com/54JohnBull/status/1628257209598775296
mrddmia,38,1628264800919625728,https://www.nytimes.com/2023/02/21/opinion/do-mask-mandates-work.html,https://twitter.com/mrddmia/status/1628264800919625728
davidzweig,471,1628265610839818240,https://www.nytimes.com/2023/02/21/opinion/do-mask-mandates-work.html,https://twitter.com/davidzweig/status/1628265610839818240
WillKingston,7,1628274183590526977,https://www.nytimes.com/2023/02/21/opinion/do-mask-mandates-work.html,https://twitter.com/WillKingston/status/1628274183590526977
FrankfurtZack,78,1628274506295803911,https://www.nytimes.com/2023/02/21/opinion/do-mask-mandates-work.html,https://twitter.com/FrankfurtZack/status/1628274506295803911
MAbsoud,5,1628276764081258496,https://www.nytimes.com/2023/02/21/opinion/do-mask-mandates-work.html,https://twitter.com/MAbsoud/status/1628276764081258496
TRyanGregory,67,1628278260474822658,https://www.nytimes.com/2023/02/21/opinion/do-mask-mandates-work.html,https://twitter.com/TRyanGregory/status/1628278260474822658
goutraillon,111,1628282603538386944,https://www.nytimes.com/2023/02/21/opinion/do-mask-mandates-work.html,https://twitter.com/goutraillon/status/1628282603538386944
tomdabassman,65,1628285553920598016,https://www.nytimes.com/2023/02/21/opinion/do-mask-mandates-work.html,https://twitter.com/tomdabassman/status/1628285553920598016
AnnaChrolowska,14,1628286186799210496,https://www.nytimes.com/2023/02/21/opinion/do-mask-mandates-work.html,https://twitter.com/AnnaChrolowska/status/1628286186799210496
nbm_1981,14,1628295423273185280,https://www.nytimes.com/2023/02/21/opinion/do-mask-mandates-work.html,https://twitter.com/nbm_1981/status/1628295423273185280
LukeJohnsonRCP,34,1628299279772143618,https://www.nytimes.com/2023/02/21/opinion/do-mask-mandates-work.html,https://twitter.com/LukeJohnsonRCP/status/1628299279772143618
_donalphonso,40,1628299500686041089,https://www.nytimes.com/2023/02/21/opinion/do-mask-mandates-work.html,https://twitter.com/_donalphonso/status/1628299500686041089
poeteguerisseur,8,1628300812156821505,https://www.nytimes.com/2023/02/21/opinion/do-mask-mandates-work.html,https://twitter.com/poeteguerisseur/status/1628300812156821505
pjhlaw,12,1628301287803478016,https://www.nytimes.com/2023/02/21/opinion/do-mask-mandates-work.html,https://twitter.com/pjhlaw/status/1628301287803478016
NovoArgumente,5,1628303164607717376,https://www.nytimes.com/2023/02/21/opinion/do-mask-mandates-work.html,https://twitter.com/NovoArgumente/status/1628303164607717376
MarcoSchlaepfer,8,1628310139865387008,https://www.nytimes.com/2023/02/21/opinion/do-mask-mandates-work.html,https://twitter.com/MarcoSchlaepfer/status/1628310139865387008
MapleRidgeGuy,9,1628311955625893888,https://www.nytimes.com/2023/02/21/opinion/do-mask-mandates-work.html,https://twitter.com/MapleRidgeGuy/status/1628311955625893888
CheburekiMan,62,1628313194887528448,https://www.nytimes.com/2023/02/21/opinion/do-mask-mandates-work.html,https://twitter.com/CheburekiMan/status/1628313194887528448
TonyHinton2016,32,1628313965519331328,https://www.nytimes.com/2023/02/21/opinion/do-mask-mandates-work.html,https://twitter.com/TonyHinton2016/status/1628313965519331328
JeffreyPeel,37,1628315863550918656,https://www.nytimes.com/2023/02/21/opinion/do-mask-mandates-work.html,https://twitter.com/JeffreyPeel/status/1628315863550918656
MurielBlaivePhD,14,1628319505758789633,https://www.nytimes.com/2023/02/21/opinion/do-mask-mandates-work.html,https://twitter.com/MurielBlaivePhD/status/1628319505758789633
quatremer,38,1628322272564989952,https://www.nytimes.com/2023/02/21/opinion/do-mask-mandates-work.html,https://twitter.com/quatremer/status/1628322272564989952
barak_a_m,7,1628324412670853120,https://www.nytimes.com/2023/02/21/opinion/do-mask-mandates-work.html,https://twitter.com/barak_a_m/status/1628324412670853120
LiamSchubel,13,1628324448284688384,https://www.nytimes.com/2023/02/21/opinion/do-mask-mandates-work.html,https://twitter.com/LiamSchubel/status/1628324448284688384
yariv_hammer,6,1628327474789490689,https://www.nytimes.com/2023/02/21/opinion/do-mask-mandates-work.html,https://twitter.com/yariv_hammer/status/1628327474789490689
GevaertThomas,11,1628330803427004417,https://www.nytimes.com/2023/02/21/opinion/do-mask-mandates-work.html,https://twitter.com/GevaertThomas/status/1628330803427004417
ThreadsIrish,12,1628334720160243713,https://www.nytimes.com/2023/02/21/opinion/do-mask-mandates-work.html,https://twitter.com/ThreadsIrish/status/1628334720160243713
wilko_wedyn,24,1628341019254091776,https://www.nytimes.com/2023/02/21/opinion/do-mask-mandates-work.html,https://twitter.com/wilko_wedyn/status/1628341019254091776
freddiesayers,230,1628341440496431104,https://www.nytimes.com/2023/02/21/opinion/do-mask-mandates-work.html,https://twitter.com/freddiesayers/status/1628341440496431104
CounsellingSam,10,1628344039564013570,https://www.nytimes.com/2023/02/21/opinion/do-mask-mandates-work.html,https://twitter.com/CounsellingSam/status/1628344039564013570
Charlie_Carrel,5,1628344049106034688,https://www.nytimes.com/2023/02/21/opinion/do-mask-mandates-work.html,https://twitter.com/Charlie_Carrel/status/1628344049106034688
PilarGa96981901,25,1628344179737649155,https://www.nytimes.com/2023/02/21/opinion/do-mask-mandates-work.html,https://twitter.com/PilarGa96981901/status/1628344179737649155
CounsellingSam,8,1628344733201227776,https://www.nytimes.com/2023/02/21/opinion/do-mask-mandates-work.html,https://twitter.com/CounsellingSam/status/1628344733201227776
eevblog,12,1628350075264196608,https://www.nytimes.com/2023/02/21/opinion/do-mask-mandates-work.html,https://twitter.com/eevblog/status/1628350075264196608
stebellentani,14,1628355048777424896,https://www.nytimes.com/2023/02/21/opinion/do-mask-mandates-work.html,https://twitter.com/stebellentani/status/1628355048777424896
hector_drummond,5,1628358677840158723,https://www.nytimes.com/2023/02/21/opinion/do-mask-mandates-work.html,https://twitter.com/hector_drummond/status/1628358677840158723
holmenkollin,404,1628360104331423744,https://www.nytimes.com/2023/02/21/opinion/do-mask-mandates-work.html,https://twitter.com/holmenkollin/status/1628360104331423744
nytopinion,26,1628366634120364032,https://www.nytimes.com/2023/02/21/opinion/do-mask-mandates-work.html,https://twitter.com/nytopinion/status/1628366634120364032
tou_kuu,9,1628370136444055552,https://www.nytimes.com/2023/02/21/opinion/do-mask-mandates-work.html,https://twitter.com/tou_kuu/status/1628370136444055552
karenvaites,26,1628371277655298055,https://www.nytimes.com/2023/02/21/opinion/do-mask-mandates-work.html,https://twitter.com/karenvaites/status/1628371277655298055
jeffjarvis,85,1628371283166593025,https://www.nytimes.com/2023/02/21/opinion/do-mask-mandates-work.html,https://twitter.com/jeffjarvis/status/1628371283166593025
Skeptic_j,7,1628372833557532673,https://www.nytimes.com/2023/02/21/opinion/do-mask-mandates-work.html,https://twitter.com/Skeptic_j/status/1628372833557532673
Cdn_Farm_Girl,10,1628375278316662784,https://www.nytimes.com/2023/02/21/opinion/do-mask-mandates-work.html,https://twitter.com/Cdn_Farm_Girl/status/1628375278316662784
jaypinho,44,1628382305453580288,https://www.nytimes.com/2023/02/21/opinion/do-mask-mandates-work.html,https://twitter.com/jaypinho/status/1628382305453580288
fgavazzoni,15,1628387730085277697,https://www.nytimes.com/2023/02/21/opinion/do-mask-mandates-work.html,https://twitter.com/fgavazzoni/status/1628387730085277697
Aceso76,12,1628390234567352320,https://www.nytimes.com/2023/02/21/opinion/do-mask-mandates-work.html,https://twitter.com/Aceso76/status/1628390234567352320
thackerpd,28,1628392967550513159,https://www.nytimes.com/2023/02/21/opinion/do-mask-mandates-work.html,https://twitter.com/thackerpd/status/1628392967550513159
etavares_press,5,1628393783967580162,https://www.nytimes.com/2023/02/21/opinion/do-mask-mandates-work.html,https://twitter.com/etavares_press/status/1628393783967580162
dystopian_DU,50,1628394327901868034,https://www.nytimes.com/2023/02/21/opinion/do-mask-mandates-work.html,https://twitter.com/dystopian_DU/status/1628394327901868034
bjkingape,23,1628394988672282626,https://www.nytimes.com/2023/02/21/opinion/do-mask-mandates-work.html,https://twitter.com/bjkingape/status/1628394988672282626
silverbullitt2,20,1628396312436609027,https://www.nytimes.com/2023/02/21/opinion/do-mask-mandates-work.html,https://twitter.com/silverbullitt2/status/1628396312436609027
SethLeibsohn,17,1628399042983260160,https://www.nytimes.com/2023/02/21/opinion/do-mask-mandates-work.html,https://twitter.com/SethLeibsohn/status/1628399042983260160
rmille10,6,1628399434001154056,https://www.nytimes.com/2023/02/21/opinion/do-mask-mandates-work.html,https://twitter.com/rmille10/status/1628399434001154056
jangajentaan,6,1628400365912596482,https://www.nytimes.com/2023/02/21/opinion/do-mask-mandates-work.html,https://twitter.com/jangajentaan/status/1628400365912596482
Tamama0306,61,1628400847318286338,https://www.nytimes.com/2023/02/21/opinion/do-mask-mandates-work.html,https://twitter.com/Tamama0306/status/1628400847318286338
ryangerritsen,15,1628400881648513026,https://www.nytimes.com/2023/02/21/opinion/do-mask-mandates-work.html,https://twitter.com/ryangerritsen/status/1628400881648513026
RobertKennedyJr,6387,1628403138750193667,https://www.nytimes.com/2023/02/21/opinion/do-mask-mandates-work.html,https://twitter.com/RobertKennedyJr/status/1628403138750193667
AaronSiriSG,307,1628403978143731712,https://www.nytimes.com/2023/02/21/opinion/do-mask-mandates-work.html,https://twitter.com/AaronSiriSG/status/1628403978143731712
JessicaLedezmaM,13,1628405248313200643,https://www.nytimes.com/2023/02/21/opinion/do-mask-mandates-work.html,https://twitter.com/JessicaLedezmaM/status/1628405248313200643
korcanayata,13,1628406378946523136,https://www.nytimes.com/2023/02/21/opinion/do-mask-mandates-work.html,https://twitter.com/korcanayata/status/1628406378946523136
continetti,7,1628406387834322946,https://www.nytimes.com/2023/02/21/opinion/do-mask-mandates-work.html,https://twitter.com/continetti/status/1628406387834322946
shoesonplease,17,1628409418659274752,https://www.nytimes.com/2023/02/21/opinion/do-mask-mandates-work.html,https://twitter.com/shoesonplease/status/1628409418659274752
leandroruschel,308,1628409539761430528,https://www.nytimes.com/2023/02/21/opinion/do-mask-mandates-work.html,https://twitter.com/leandroruschel/status/1628409539761430528
thepairodocs,17,1628409705943953409,https://www.nytimes.com/2023/02/21/opinion/do-mask-mandates-work.html,https://twitter.com/thepairodocs/status/1628409705943953409
rkylesmith,151,1628410977870831617,https://www.nytimes.com/2023/02/21/opinion/do-mask-mandates-work.html,https://twitter.com/rkylesmith/status/1628410977870831617
tatiann69922625,10,1628411350597738496,https://www.nytimes.com/2023/02/21/opinion/do-mask-mandates-work.html,https://twitter.com/tatiann69922625/status/1628411350597738496
CraigRozniecki,12,1628411563479650304,https://www.nytimes.com/2023/02/21/opinion/do-mask-mandates-work.html,https://twitter.com/CraigRozniecki/status/1628411563479650304
JLLGarciaS,43,1628412679634186244,https://www.nytimes.com/2023/02/21/opinion/do-mask-mandates-work.html,https://twitter.com/JLLGarciaS/status/1628412679634186244
EliLake,5,1628413133432684546,https://www.nytimes.com/2023/02/21/opinion/do-mask-mandates-work.html,https://twitter.com/EliLake/status/1628413133432684546
pursuethefacts,11,1628413745394249729,https://www.nytimes.com/2023/02/21/opinion/do-mask-mandates-work.html,https://twitter.com/pursuethefacts/status/1628413745394249729
robbystarbuck,217,1628414781693562882,https://www.nytimes.com/2023/02/21/opinion/do-mask-mandates-work.html,https://twitter.com/robbystarbuck/status/1628414781693562882
alanfryermedia,12,1628416441337921536,https://www.nytimes.com/2023/02/21/opinion/do-mask-mandates-work.html,https://twitter.com/alanfryermedia/status/1628416441337921536
NiemandsKnegt,15,1628417010332737537,https://www.nytimes.com/2023/02/21/opinion/do-mask-mandates-work.html,https://twitter.com/NiemandsKnegt/status/1628417010332737537
alexanderrusso,8,1628418110116995074,https://www.nytimes.com/2023/02/21/opinion/do-mask-mandates-work.html,https://twitter.com/alexanderrusso/status/1628418110116995074
AAPSonline,11,1628420051215990784,https://www.nytimes.com/2023/02/21/opinion/do-mask-mandates-work.html,https://twitter.com/AAPSonline/status/1628420051215990784
Fynnderella1,5,1628420253414744064,https://www.nytimes.com/2023/02/21/opinion/do-mask-mandates-work.html,https://twitter.com/Fynnderella1/status/1628420253414744064
UzmEsraGunes,18,1628422044957171712,https://www.nytimes.com/2023/02/21/opinion/do-mask-mandates-work.html,https://twitter.com/UzmEsraGunes/status/1628422044957171712
patrickbetdavid,190,1628422650904158210,https://www.nytimes.com/2023/02/21/opinion/do-mask-mandates-work.html,https://twitter.com/patrickbetdavid/status/1628422650904158210
shmuelcshapira,19,1628423871538790402,https://www.nytimes.com/2023/02/21/opinion/do-mask-mandates-work.html,https://twitter.com/shmuelcshapira/status/1628423871538790402
Hector_E_Alcala,12,1628424584490803201,https://www.nytimes.com/2023/02/21/opinion/do-mask-mandates-work.html,https://twitter.com/Hector_E_Alcala/status/1628424584490803201
HansKoppies,25,1628424631630680064,https://www.nytimes.com/2023/02/21/opinion/do-mask-mandates-work.html,https://twitter.com/HansKoppies/status/1628424631630680064
froomkin,42,1628424995167784960,https://www.nytimes.com/2023/02/21/opinion/do-mask-mandates-work.html,https://twitter.com/froomkin/status/1628424995167784960
ky_statesman,5,1628427142861058052,https://www.nytimes.com/2023/02/21/opinion/do-mask-mandates-work.html,https://twitter.com/ky_statesman/status/1628427142861058052
thecoffeesfresh,8,1628427819431632897,https://www.nytimes.com/2023/02/21/opinion/do-mask-mandates-work.html,https://twitter.com/thecoffeesfresh/status/1628427819431632897
InspectorStocks,8,1628431140662001665,https://www.nytimes.com/2023/02/21/opinion/do-mask-mandates-work.html,https://twitter.com/InspectorStocks/status/1628431140662001665
taradublinrocks,21,1628431396061720576,https://www.nytimes.com/2023/02/21/opinion/do-mask-mandates-work.html,https://twitter.com/taradublinrocks/status/1628431396061720576
backtolife_2023,16,1628431396153839616,https://www.nytimes.com/2023/02/21/opinion/do-mask-mandates-work.html,https://twitter.com/backtolife_2023/status/1628431396153839616
JeffereyJaxen,19,1628432249472311296,https://www.nytimes.com/2023/02/21/opinion/do-mask-mandates-work.html,https://twitter.com/JeffereyJaxen/status/1628432249472311296
ostrachan,58,1628432282313711616,https://www.nytimes.com/2023/02/21/opinion/do-mask-mandates-work.html,https://twitter.com/ostrachan/status/1628432282313711616
JanaSchwiek,9,1628432855834546176,https://www.nytimes.com/2023/02/21/opinion/do-mask-mandates-work.html,https://twitter.com/JanaSchwiek/status/1628432855834546176
thechrisbuskirk,5,1628434964487471110,https://www.nytimes.com/2023/02/21/opinion/do-mask-mandates-work.html,https://twitter.com/thechrisbuskirk/status/1628434964487471110
niceblackdude,5,1628438164263309312,https://www.nytimes.com/2023/02/21/opinion/do-mask-mandates-work.html,https://twitter.com/niceblackdude/status/1628438164263309312
rafapal,59,1628438260849557504,https://www.nytimes.com/2023/02/21/opinion/do-mask-mandates-work.html,https://twitter.com/rafapal/status/1628438260849557504
raggedlines,12,1628439964617785344,https://www.nytimes.com/2023/02/21/opinion/do-mask-mandates-work.html,https://twitter.com/raggedlines/status/1628439964617785344
drahmetrasim,40,1628440209829273600,https://www.nytimes.com/2023/02/21/opinion/do-mask-mandates-work.html,https://twitter.com/drahmetrasim/status/1628440209829273600
El1Ben,5,1628440310429646850,https://www.nytimes.com/2023/02/21/opinion/do-mask-mandates-work.html,https://twitter.com/El1Ben/status/1628440310429646850
KendraWrites,191,1628441152964771840,https://www.nytimes.com/2023/02/21/opinion/do-mask-mandates-work.html,https://twitter.com/KendraWrites/status/1628441152964771840
UnidosLiberales,5,1628441788645101568,https://www.nytimes.com/2023/02/21/opinion/do-mask-mandates-work.html,https://twitter.com/UnidosLiberales/status/1628441788645101568
NewBlueON,17,1628443179492974592,https://www.nytimes.com/2023/02/21/opinion/do-mask-mandates-work.html,https://twitter.com/NewBlueON/status/1628443179492974592
P0eMPieDinges,10,1628443409479348224,https://www.nytimes.com/2023/02/21/opinion/do-mask-mandates-work.html,https://twitter.com/P0eMPieDinges/status/1628443409479348224
JonnyRoot_,20,1628443995474120704,https://www.nytimes.com/2023/02/21/opinion/do-mask-mandates-work.html,https://twitter.com/JonnyRoot_/status/1628443995474120704
houmanhemmati,15,1628444668789723137,https://www.nytimes.com/2023/02/21/opinion/do-mask-mandates-work.html,https://twitter.com/houmanhemmati/status/1628444668789723137
EricRWeinstein,104,1628445554819702784,https://www.nytimes.com/2023/02/21/opinion/do-mask-mandates-work.html,https://twitter.com/EricRWeinstein/status/1628445554819702784
Fuchslocher1978,165,1628446717212237824,https://www.nytimes.com/2023/02/21/opinion/do-mask-mandates-work.html,https://twitter.com/Fuchslocher1978/status/1628446717212237824
baby_kamex,57,1628447337449422848,https://www.nytimes.com/2023/02/21/opinion/do-mask-mandates-work.html,https://twitter.com/baby_kamex/status/1628447337449422848
smolny7,16,1628454026361683968,https://www.nytimes.com/2023/02/21/opinion/do-mask-mandates-work.html,https://twitter.com/smolny7/status/1628454026361683968
mercedesschlapp,13,1628459987814035459,https://www.nytimes.com/2023/02/21/opinion/do-mask-mandates-work.html,https://twitter.com/mercedesschlapp/status/1628459987814035459
normanpie,85,1628460007137107968,https://www.nytimes.com/2023/02/21/opinion/do-mask-mandates-work.html,https://twitter.com/normanpie/status/1628460007137107968
TertuliasLiber1,28,1628460451196465157,https://www.nytimes.com/2023/02/21/opinion/do-mask-mandates-work.html,https://twitter.com/TertuliasLiber1/status/1628460451196465157
KatiePavlich,92,1628460692587139077,https://www.nytimes.com/2023/02/21/opinion/do-mask-mandates-work.html,https://twitter.com/KatiePavlich/status/1628460692587139077
brittdorton,5,1628461454071599104,https://www.nytimes.com/2023/02/21/opinion/do-mask-mandates-work.html,https://twitter.com/brittdorton/status/1628461454071599104
V52604779,17,1628463998940200961,https://www.nytimes.com/2023/02/21/opinion/do-mask-mandates-work.html,https://twitter.com/V52604779/status/1628463998940200961
TPPatriots,18,1628467004574162949,https://www.nytimes.com/2023/02/21/opinion/do-mask-mandates-work.html,https://twitter.com/TPPatriots/status/1628467004574162949
myelasticheart_,8,1628468494311493632,https://www.nytimes.com/2023/02/21/opinion/do-mask-mandates-work.html,https://twitter.com/myelasticheart_/status/1628468494311493632
MonicaGandhi9,24,1628468923556577282,https://www.nytimes.com/2023/02/21/opinion/do-mask-mandates-work.html,https://twitter.com/MonicaGandhi9/status/1628468923556577282
hubnm,9,1628469241002491904,https://www.nytimes.com/2023/02/21/opinion/do-mask-mandates-work.html,https://twitter.com/hubnm/status/1628469241002491904
osamu_iga,116,1628469987487674369,https://www.nytimes.com/2023/02/21/opinion/do-mask-mandates-work.html,https://twitter.com/osamu_iga/status/1628469987487674369
AmerLiberal,13,1628470174088105990,https://www.nytimes.com/2023/02/21/opinion/do-mask-mandates-work.html,https://twitter.com/AmerLiberal/status/1628470174088105990
ExtremistIndy,5,1628472696571846658,https://www.nytimes.com/2023/02/21/opinion/do-mask-mandates-work.html,https://twitter.com/ExtremistIndy/status/1628472696571846658
greg_travis,8,1628478191852560385,https://www.nytimes.com/2023/02/21/opinion/do-mask-mandates-work.html,https://twitter.com/greg_travis/status/1628478191852560385
arnowuensche,5,1628478459440771073,https://www.nytimes.com/2023/02/21/opinion/do-mask-mandates-work.html,https://twitter.com/arnowuensche/status/1628478459440771073
YaffaRaz,17,1628479927048720387,https://www.nytimes.com/2023/02/21/opinion/do-mask-mandates-work.html,https://twitter.com/YaffaRaz/status/1628479927048720387
JosFlores_04,9,1628481033732767744,https://www.nytimes.com/2023/02/21/opinion/do-mask-mandates-work.html,https://twitter.com/JosFlores_04/status/1628481033732767744
UnityProjectUSA,9,1628482037693960192,https://www.nytimes.com/2023/02/21/opinion/do-mask-mandates-work.html,https://twitter.com/UnityProjectUSA/status/1628482037693960192
RandPaul,9816,1628482055301484547,https://www.nytimes.com/2023/02/21/opinion/do-mask-mandates-work.html,https://twitter.com/RandPaul/status/1628482055301484547
norbalc,6,1628483062907473921,https://www.nytimes.com/2023/02/21/opinion/do-mask-mandates-work.html,https://twitter.com/norbalc/status/1628483062907473921
BoSnerdley,25,1628485776546623489,https://www.nytimes.com/2023/02/21/opinion/do-mask-mandates-work.html,https://twitter.com/BoSnerdley/status/1628485776546623489
Bob_Wachter,78,1628485869156855808,https://www.nytimes.com/2023/02/21/opinion/do-mask-mandates-work.html,https://twitter.com/Bob_Wachter/status/1628485869156855808
EricKlinenberg,16,1628487100118040579,https://www.nytimes.com/2023/02/21/opinion/do-mask-mandates-work.html,https://twitter.com/EricKlinenberg/status/1628487100118040579
tucabr54,90,1628489629530787842,https://www.nytimes.com/2023/02/21/opinion/do-mask-mandates-work.html,https://twitter.com/tucabr54/status/1628489629530787842
BBarucker,36,1628490384887128066,https://www.nytimes.com/2023/02/21/opinion/do-mask-mandates-work.html,https://twitter.com/BBarucker/status/1628490384887128066
dstefanos,9,1628490388087492613,https://www.nytimes.com/2023/02/21/opinion/do-mask-mandates-work.html,https://twitter.com/dstefanos/status/1628490388087492613
ladyonorato,53,1628491565650804736,https://www.nytimes.com/2023/02/21/opinion/do-mask-mandates-work.html,https://twitter.com/ladyonorato/status/1628491565650804736
LadyRedWave,5,1628493325107105792,https://www.nytimes.com/2023/02/21/opinion/do-mask-mandates-work.html,https://twitter.com/LadyRedWave/status/1628493325107105792
CKellyUAP,52,1628493472767561728,https://www.nytimes.com/2023/02/21/opinion/do-mask-mandates-work.html,https://twitter.com/CKellyUAP/status/1628493472767561728
CKellyUAP,19,1628493789399777280,https://www.nytimes.com/2023/02/21/opinion/do-mask-mandates-work.html,https://twitter.com/CKellyUAP/status/1628493789399777280
MichaelPSenger,55,1628495190951604224,https://www.nytimes.com/2023/02/21/opinion/do-mask-mandates-work.html,https://twitter.com/MichaelPSenger/status/1628495190951604224
MichaelPSenger,21,1628497258449879041,https://www.nytimes.com/2023/02/21/opinion/do-mask-mandates-work.html,https://twitter.com/MichaelPSenger/status/1628497258449879041
CCCAlliance,9,1628497644975804417,https://www.nytimes.com/2023/02/21/opinion/do-mask-mandates-work.html,https://twitter.com/CCCAlliance/status/1628497644975804417
jasonrileywsj,9,1628500431113490433,https://www.nytimes.com/2023/02/21/opinion/do-mask-mandates-work.html,https://twitter.com/jasonrileywsj/status/1628500431113490433
AreOhEssEyeEe,24,1628502173884592128,https://www.nytimes.com/2023/02/21/opinion/do-mask-mandates-work.html,https://twitter.com/AreOhEssEyeEe/status/1628502173884592128
Jou_Kaiser,75,1628503434998472704,https://www.nytimes.com/2023/02/21/opinion/do-mask-mandates-work.html,https://twitter.com/Jou_Kaiser/status/1628503434998472704
dropbuckets3,5,1628505525364183044,https://www.nytimes.com/2023/02/21/opinion/do-mask-mandates-work.html,https://twitter.com/dropbuckets3/status/1628505525364183044
Linaguasca,15,1628507190595026945,https://www.nytimes.com/2023/02/21/opinion/do-mask-mandates-work.html,https://twitter.com/Linaguasca/status/1628507190595026945
ElPana54,6,1628514429020012546,https://www.nytimes.com/2023/02/21/opinion/do-mask-mandates-work.html,https://twitter.com/ElPana54/status/1628514429020012546
BeatrizTalegon,24,1628520737664299008,https://www.nytimes.com/2023/02/21/opinion/do-mask-mandates-work.html,https://twitter.com/BeatrizTalegon/status/1628520737664299008
JohnRuddick2,35,1628521376104726528,https://www.nytimes.com/2023/02/21/opinion/do-mask-mandates-work.html,https://twitter.com/JohnRuddick2/status/1628521376104726528
Charger10_,10,1628525142472007680,https://www.nytimes.com/2023/02/21/opinion/do-mask-mandates-work.html,https://twitter.com/Charger10_/status/1628525142472007680
RealRodrigoPolo,31,1628530021307408387,https://www.nytimes.com/2023/02/21/opinion/do-mask-mandates-work.html,https://twitter.com/RealRodrigoPolo/status/1628530021307408387
JairParmito,71,1628530419405668353,https://www.nytimes.com/2023/02/21/opinion/do-mask-mandates-work.html,https://twitter.com/JairParmito/status/1628530419405668353
bac37,11,1628534321828044807,https://www.nytimes.com/2023/02/21/opinion/do-mask-mandates-work.html,https://twitter.com/bac37/status/1628534321828044807
JamesMelville,190,1628538111331299329,https://www.nytimes.com/2023/02/21/opinion/do-mask-mandates-work.html,https://twitter.com/JamesMelville/status/1628538111331299329
ryanmcmaken,5,1628538657295720449,https://www.nytimes.com/2023/02/21/opinion/do-mask-mandates-work.html,https://twitter.com/ryanmcmaken/status/1628538657295720449
jhmdrei,137,1628548945231360000,https://www.nytimes.com/2023/02/21/opinion/do-mask-mandates-work.html,https://twitter.com/jhmdrei/status/1628548945231360000
DION_POWELL00,5,1628550258237079553,https://www.nytimes.com/2023/02/21/opinion/do-mask-mandates-work.html,https://twitter.com/DION_POWELL00/status/1628550258237079553
jeha2019,23,1628551839795843077,https://www.nytimes.com/2023/02/21/opinion/do-mask-mandates-work.html,https://twitter.com/jeha2019/status/1628551839795843077
medinalorca,84,1628558644181606401,https://www.nytimes.com/2023/02/21/opinion/do-mask-mandates-work.html,https://twitter.com/medinalorca/status/1628558644181606401
KEriksenV2,9,1628561609114394625,https://www.nytimes.com/2023/02/21/opinion/do-mask-mandates-work.html,https://twitter.com/KEriksenV2/status/1628561609114394625
mrrussianz,21,1628562414169133057,https://www.nytimes.com/2023/02/21/opinion/do-mask-mandates-work.html,https://twitter.com/mrrussianz/status/1628562414169133057
CzeKuku2,5,1628581966068211712,https://www.nytimes.com/2023/02/21/opinion/do-mask-mandates-work.html,https://twitter.com/CzeKuku2/status/1628581966068211712
witchdoc007,5,1628583554690031624,https://www.nytimes.com/2023/02/21/opinion/do-mask-mandates-work.html,https://twitter.com/witchdoc007/status/1628583554690031624
WestOzDaz,6,1628591083923046400,https://www.nytimes.com/2023/02/21/opinion/do-mask-mandates-work.html,https://twitter.com/WestOzDaz/status/1628591083923046400
ABridgen,448,1628620395753443328,https://www.nytimes.com/2023/02/21/opinion/do-mask-mandates-work.html,https://twitter.com/ABridgen/status/1628620395753443328
Buenrolloreturn,53,1628638197029691393,https://www.nytimes.com/2023/02/21/opinion/do-mask-mandates-work.html,https://twitter.com/Buenrolloreturn/status/1628638197029691393
HelgeMorset,9,1628644204757876737,https://www.nytimes.com/2023/02/21/opinion/do-mask-mandates-work.html,https://twitter.com/HelgeMorset/status/1628644204757876737
NicoVedrines,24,1628653567195095040,https://www.nytimes.com/2023/02/21/opinion/do-mask-mandates-work.html,https://twitter.com/NicoVedrines/status/1628653567195095040
odrobsed,18,1628658313477951488,https://www.nytimes.com/2023/02/21/opinion/do-mask-mandates-work.html,https://twitter.com/odrobsed/status/1628658313477951488
patrice_france,5,1628661143748194306,https://www.nytimes.com/2023/02/21/opinion/do-mask-mandates-work.html,https://twitter.com/patrice_france/status/1628661143748194306
sinsiglasya,6,1628668116581449729,https://www.nytimes.com/2023/02/21/opinion/do-mask-mandates-work.html,https://twitter.com/sinsiglasya/status/1628668116581449729
YasinAslanTrk1,400,1628673739704438786,https://www.nytimes.com/2023/02/21/opinion/do-mask-mandates-work.html,https://twitter.com/YasinAslanTrk1/status/1628673739704438786
knows_nik,7,1628675111187349504,https://www.nytimes.com/2023/02/21/opinion/do-mask-mandates-work.html,https://twitter.com/knows_nik/status/1628675111187349504
Si_Libertarian,7,1628675193714675717,https://www.nytimes.com/2023/02/21/opinion/do-mask-mandates-work.html,https://twitter.com/Si_Libertarian/status/1628675193714675717
PresseFreelance,11,1628675347863445506,https://www.nytimes.com/2023/02/21/opinion/do-mask-mandates-work.html,https://twitter.com/PresseFreelance/status/1628675347863445506
_Jornal_Vitimas,82,1628675947162370048,https://www.nytimes.com/2023/02/21/opinion/do-mask-mandates-work.html,https://twitter.com/_Jornal_Vitimas/status/1628675947162370048
FLMIRONES,274,1628681261253361664,https://www.nytimes.com/2023/02/21/opinion/do-mask-mandates-work.html,https://twitter.com/FLMIRONES/status/1628681261253361664
frankarmstrong2,24,1628690115043237888,https://www.nytimes.com/2023/02/21/opinion/do-mask-mandates-work.html,https://twitter.com/frankarmstrong2/status/1628690115043237888
trevisan_paulo,9,1628701941072121856,https://www.nytimes.com/2023/02/21/opinion/do-mask-mandates-work.html,https://twitter.com/trevisan_paulo/status/1628701941072121856
Un_EtreHumain,42,1628708644123471874,https://www.nytimes.com/2023/02/21/opinion/do-mask-mandates-work.html,https://twitter.com/Un_EtreHumain/status/1628708644123471874
TomBuck,8,1628714012111171584,https://www.nytimes.com/2023/02/21/opinion/do-mask-mandates-work.html,https://twitter.com/TomBuck/status/1628714012111171584
climarepentino,14,1628726902042120195,https://www.nytimes.com/2023/02/21/opinion/do-mask-mandates-work.html,https://twitter.com/climarepentino/status/1628726902042120195
BenthemJoost,5,1628727086855643137,https://www.nytimes.com/2023/02/21/opinion/do-mask-mandates-work.html,https://twitter.com/BenthemJoost/status/1628727086855643137
Kristof_Poland,29,1628730684440281090,https://www.nytimes.com/2023/02/21/opinion/do-mask-mandates-work.html,https://twitter.com/Kristof_Poland/status/1628730684440281090
jcdsiemens,15,1628732705323077632,https://www.nytimes.com/2023/02/21/opinion/do-mask-mandates-work.html,https://twitter.com/jcdsiemens/status/1628732705323077632
Ejmiller25,8,1628735132747153409,https://www.nytimes.com/2023/02/21/opinion/do-mask-mandates-work.html,https://twitter.com/Ejmiller25/status/1628735132747153409
MatthewWielicki,57,1628736791640432646,https://www.nytimes.com/2023/02/21/opinion/do-mask-mandates-work.html,https://twitter.com/MatthewWielicki/status/1628736791640432646
prwhittle,12,1628745640170725376,https://www.nytimes.com/2023/02/21/opinion/do-mask-mandates-work.html,https://twitter.com/prwhittle/status/1628745640170725376
SerkanK16508934,27,1628745660991172610,https://www.nytimes.com/2023/02/21/opinion/do-mask-mandates-work.html,https://twitter.com/SerkanK16508934/status/1628745660991172610
jmyremets,69,1628745898007179265,https://www.nytimes.com/2023/02/21/opinion/do-mask-mandates-work.html,https://twitter.com/jmyremets/status/1628745898007179265
gabisp22,106,1628751474183311361,https://www.nytimes.com/2023/02/21/opinion/do-mask-mandates-work.html,https://twitter.com/gabisp22/status/1628751474183311361
MaximeBernier,465,1628758764345036800,https://www.nytimes.com/2023/02/21/opinion/do-mask-mandates-work.html,https://twitter.com/MaximeBernier/status/1628758764345036800
josehorta_,16,1628758853482426370,https://www.nytimes.com/2023/02/21/opinion/do-mask-mandates-work.html,https://twitter.com/josehorta_/status/1628758853482426370
MaximeBernier,42,1628759583417159682,https://www.nytimes.com/2023/02/21/opinion/do-mask-mandates-work.html,https://twitter.com/MaximeBernier/status/1628759583417159682
EWoodhouse7,23,1628764907880517634,https://www.nytimes.com/2023/02/21/opinion/do-mask-mandates-work.html,https://twitter.com/EWoodhouse7/status/1628764907880517634
ForeverUseless_,9,1628766427187662848,https://www.nytimes.com/2023/02/21/opinion/do-mask-mandates-work.html,https://twitter.com/ForeverUseless_/status/1628766427187662848
vl_plus,25,1628770750353051649,https://www.nytimes.com/2023/02/21/opinion/do-mask-mandates-work.html,https://twitter.com/vl_plus/status/1628770750353051649
RafaelFontana,138,1628802960502185989,https://www.nytimes.com/2023/02/21/opinion/do-mask-mandates-work.html,https://twitter.com/RafaelFontana/status/1628802960502185989
MerrynSW,8,1628804445495562240,https://www.nytimes.com/2023/02/21/opinion/do-mask-mandates-work.html,https://twitter.com/MerrynSW/status/1628804445495562240
LionofJudah444,8,1628805185245003779,https://www.nytimes.com/2023/02/21/opinion/do-mask-mandates-work.html,https://twitter.com/LionofJudah444/status/1628805185245003779
covid_clarity,15,1628821239455444992,https://www.nytimes.com/2023/02/21/opinion/do-mask-mandates-work.html,https://twitter.com/covid_clarity/status/1628821239455444992
DanaPerino,48,1628821744369688578,https://www.nytimes.com/2023/02/21/opinion/do-mask-mandates-work.html,https://twitter.com/DanaPerino/status/1628821744369688578
stoddglenn,8,1628822225053749250,https://www.nytimes.com/2023/02/21/opinion/do-mask-mandates-work.html,https://twitter.com/stoddglenn/status/1628822225053749250
truchotphilipp1,21,1628824357496578048,https://www.nytimes.com/2023/02/21/opinion/do-mask-mandates-work.html,https://twitter.com/truchotphilipp1/status/1628824357496578048
patricia_kooy,13,1628840599645302785,https://www.nytimes.com/2023/02/21/opinion/do-mask-mandates-work.html,https://twitter.com/patricia_kooy/status/1628840599645302785
ChanceGardi,25,1628844491225325568,https://www.nytimes.com/2023/02/21/opinion/do-mask-mandates-work.html,https://twitter.com/ChanceGardi/status/1628844491225325568
mab_sp125,37,1628867354829488131,https://www.nytimes.com/2023/02/21/opinion/do-mask-mandates-work.html,https://twitter.com/mab_sp125/status/1628867354829488131
GoyerMel,46,1628871187244744707,https://www.nytimes.com/2023/02/21/opinion/do-mask-mandates-work.html,https://twitter.com/GoyerMel/status/1628871187244744707
Arnoldcarling,14,1628874783348645888,https://www.nytimes.com/2023/02/21/opinion/do-mask-mandates-work.html,https://twitter.com/Arnoldcarling/status/1628874783348645888
YukiNek56432140,19,1628879648237953024,https://www.nytimes.com/2023/02/21/opinion/do-mask-mandates-work.html,https://twitter.com/YukiNek56432140/status/1628879648237953024
V_its_me_,148,1628893101333925889,https://www.nytimes.com/2023/02/21/opinion/do-mask-mandates-work.html,https://twitter.com/V_its_me_/status/1628893101333925889
rpoconnor,13,1628922326854123522,https://www.nytimes.com/2023/02/21/opinion/do-mask-mandates-work.html,https://twitter.com/rpoconnor/status/1628922326854123522
unkotaberuno,48,1628937063579140096,https://www.nytimes.com/2023/02/21/opinion/do-mask-mandates-work.html,https://twitter.com/unkotaberuno/status/1628937063579140096
LeFACTEUR10,12,1628972394126647298,https://www.nytimes.com/2023/02/21/opinion/do-mask-mandates-work.html,https://twitter.com/LeFACTEUR10/status/1628972394126647298
Chuck69i,12,1628991946776784897,https://www.nytimes.com/2023/02/21/opinion/do-mask-mandates-work.html,https://twitter.com/Chuck69i/status/1628991946776784897
SteviesQuotes,20,1628995880580706304,https://www.nytimes.com/2023/02/21/opinion/do-mask-mandates-work.html,https://twitter.com/SteviesQuotes/status/1628995880580706304
verdadesofenden,7,1629008745782034432,https://www.nytimes.com/2023/02/21/opinion/do-mask-mandates-work.html,https://twitter.com/verdadesofenden/status/1629008745782034432
sinsiglasya,5,1629016676598525952,https://www.nytimes.com/2023/02/21/opinion/do-mask-mandates-work.html,https://twitter.com/sinsiglasya/status/1629016676598525952
YodaSapiens_29,14,1629086338703040512,https://www.nytimes.com/2023/02/21/opinion/do-mask-mandates-work.html,https://twitter.com/YodaSapiens_29/status/1629086338703040512
ClarkeMicah,15,1629088345807618049,https://www.nytimes.com/2023/02/21/opinion/do-mask-mandates-work.html,https://twitter.com/ClarkeMicah/status/1629088345807618049
CriticalThoug14,12,1629089677905911809,https://www.nytimes.com/2023/02/21/opinion/do-mask-mandates-work.html,https://twitter.com/CriticalThoug14/status/1629089677905911809
st_procopiou,11,1629090516167012355,https://www.nytimes.com/2023/02/21/opinion/do-mask-mandates-work.html,https://twitter.com/st_procopiou/status/1629090516167012355
PatriceCali,37,1629096754627940354,https://www.nytimes.com/2023/02/21/opinion/do-mask-mandates-work.html,https://twitter.com/PatriceCali/status/1629096754627940354
IanHurn0,6,1629097950059143173,https://www.nytimes.com/2023/02/21/opinion/do-mask-mandates-work.html,https://twitter.com/IanHurn0/status/1629097950059143173
slessard2000,14,1629108966604083202,https://www.nytimes.com/2023/02/21/opinion/do-mask-mandates-work.html,https://twitter.com/slessard2000/status/1629108966604083202
Joanne_Marcotte,61,1629116321530056705,https://www.nytimes.com/2023/02/21/opinion/do-mask-mandates-work.html,https://twitter.com/Joanne_Marcotte/status/1629116321530056705
CtznCamera,10,1629152486823960578,https://www.nytimes.com/2023/02/21/opinion/do-mask-mandates-work.html,https://twitter.com/CtznCamera/status/1629152486823960578
tolgaozcelkk90,21,1629156541591953410,https://www.nytimes.com/2023/02/21/opinion/do-mask-mandates-work.html,https://twitter.com/tolgaozcelkk90/status/1629156541591953410
WilkowMajority,11,1629180195969150977,https://www.nytimes.com/2023/02/21/opinion/do-mask-mandates-work.html,https://twitter.com/WilkowMajority/status/1629180195969150977
metalmaster63,6,1629203222786187264,https://www.nytimes.com/2023/02/21/opinion/do-mask-mandates-work.html,https://twitter.com/metalmaster63/status/1629203222786187264
TM72774,5,1629250325168136193,https://www.nytimes.com/2023/02/21/opinion/do-mask-mandates-work.html,https://twitter.com/TM72774/status/1629250325168136193
MendlovitzMark,13,1629433748499615745,https://www.nytimes.com/2023/02/21/opinion/do-mask-mandates-work.html,https://twitter.com/MendlovitzMark/status/1629433748499615745
ImTheResistance,31,1629790492337532929,https://www.nytimes.com/2023/02/21/opinion/do-mask-mandates-work.html,https://twitter.com/ImTheResistance/status/1629790492337532929
PilarGa96981901,6,1629865844573450241,https://www.nytimes.com/2023/02/21/opinion/do-mask-mandates-work.html,https://twitter.com/PilarGa96981901/status/1629865844573450241
KristaKafer,12,1629934226274668544,https://www.nytimes.com/2023/02/21/opinion/do-mask-mandates-work.html,https://twitter.com/KristaKafer/status/1629934226274668544
DaniJurinsky,58,1629939643956482048,https://www.nytimes.com/2023/02/21/opinion/do-mask-mandates-work.html,https://twitter.com/DaniJurinsky/status/1629939643956482048
Lelibertarien1,5,1630045802977452034,https://www.nytimes.com/2023/02/21/opinion/do-mask-mandates-work.html,https://twitter.com/Lelibertarien1/status/1630045802977452034
realjoetes,8,1630107396227084288,https://www.nytimes.com/2023/02/21/opinion/do-mask-mandates-work.html,https://twitter.com/realjoetes/status/1630107396227084288
kylenabecker,47,1630180999429488642,https://www.nytimes.com/2023/02/21/opinion/do-mask-mandates-work.html,https://twitter.com/kylenabecker/status/1630180999429488642
pfbarbadillo,38,1630183717552500738,https://www.nytimes.com/2023/02/21/opinion/do-mask-mandates-work.html,https://twitter.com/pfbarbadillo/status/1630183717552500738
DavQuinn,7,1630201537149521923,https://www.nytimes.com/2023/02/21/opinion/do-mask-mandates-work.html,https://twitter.com/DavQuinn/status/1630201537149521923
feds4medfreedom,14,1630211669094793217,https://www.nytimes.com/2023/02/21/opinion/do-mask-mandates-work.html,https://twitter.com/feds4medfreedom/status/1630211669094793217
GiveUsAQuid,10,1630231920649936896,https://www.nytimes.com/2023/02/21/opinion/do-mask-mandates-work.html,https://twitter.com/GiveUsAQuid/status/1630231920649936896
bamajayt,145,1630234210375024647,https://www.nytimes.com/2023/02/21/opinion/do-mask-mandates-work.html,https://twitter.com/bamajayt/status/1630234210375024647
ConservativeTht,19,1630585557586952195,https://www.nytimes.com/2023/02/21/opinion/do-mask-mandates-work.html,https://twitter.com/ConservativeTht/status/1630585557586952195
VeriteDiffusee,7,1630647914123894797,https://www.nytimes.com/2023/02/21/opinion/do-mask-mandates-work.html,https://twitter.com/VeriteDiffusee/status/1630647914123894797
FLagauloise,17,1631065370176921602,https://www.nytimes.com/2023/02/21/opinion/do-mask-mandates-work.html,https://twitter.com/FLagauloise/status/1631065370176921602
SciutoDr,6,1631134910629937153,https://www.nytimes.com/2023/02/21/opinion/do-mask-mandates-work.html,https://twitter.com/SciutoDr/status/1631134910629937153
Hirohide_Kage,13,1631915188411842560,https://www.nytimes.com/2023/02/21/opinion/do-mask-mandates-work.html,https://twitter.com/Hirohide_Kage/status/1631915188411842560
Arachnidualny,14,1632662251252469762,https://www.nytimes.com/2023/02/21/opinion/do-mask-mandates-work.html,https://twitter.com/Arachnidualny/status/1632662251252469762
RepChipRoy,18,1633239115410939907,https://www.nytimes.com/2023/02/21/opinion/do-mask-mandates-work.html,https://twitter.com/RepChipRoy/status/1633239115410939907
nytopinion,11,1634145661909082112,https://www.nytimes.com/2023/03/10/opinion/masks-work-cochrane-study.html,https://twitter.com/nytopinion/status/1634145661909082112
trishgreenhalgh,81,1634150879694577669,https://www.nytimes.com/2023/03/10/opinion/masks-work-cochrane-study.html,https://twitter.com/trishgreenhalgh/status/1634150879694577669
Merkstatt,5,1634151082011115521,https://www.nytimes.com/2023/03/10/opinion/masks-work-cochrane-study.html,https://twitter.com/Merkstatt/status/1634151082011115521
oldnick53,11,1634157874086641664,https://www.nytimes.com/2023/03/10/opinion/masks-work-cochrane-study.html,https://twitter.com/oldnick53/status/1634157874086641664
jeffjarvis,15,1634158048297070593,https://www.nytimes.com/2023/03/10/opinion/masks-work-cochrane-study.html,https://twitter.com/jeffjarvis/status/1634158048297070593
verysimple,64,1634161389630631936,https://www.nytimes.com/2023/03/10/opinion/masks-work-cochrane-study.html,https://twitter.com/verysimple/status/1634161389630631936
zeynep,3282,1634161449529475072,https://www.nytimes.com/2023/03/10/opinion/masks-work-cochrane-study.html,https://twitter.com/zeynep/status/1634161449529475072
DaliaHasanMD,646,1634162015622111237,https://www.nytimes.com/2023/03/10/opinion/masks-work-cochrane-study.html,https://twitter.com/DaliaHasanMD/status/1634162015622111237
Burgos,25,1634162121268158467,https://www.nytimes.com/2023/03/10/opinion/masks-work-cochrane-study.html,https://twitter.com/Burgos/status/1634162121268158467
JTMLX,6,1634162870056542208,https://www.nytimes.com/2023/03/10/opinion/masks-work-cochrane-study.html,https://twitter.com/JTMLX/status/1634162870056542208
NC5PhilWilliams,25,1634162965229326339,https://www.nytimes.com/2023/03/10/opinion/masks-work-cochrane-study.html,https://twitter.com/NC5PhilWilliams/status/1634162965229326339
ESL_fairy,14,1634169211059679232,https://www.nytimes.com/2023/03/10/opinion/masks-work-cochrane-study.html,https://twitter.com/ESL_fairy/status/1634169211059679232
DickZoutman,9,1634171063725686785,https://www.nytimes.com/2023/03/10/opinion/masks-work-cochrane-study.html,https://twitter.com/DickZoutman/status/1634171063725686785
ajlamesa,6,1634180564860252160,https://www.nytimes.com/2023/03/10/opinion/masks-work-cochrane-study.html,https://twitter.com/ajlamesa/status/1634180564860252160
RonChusid,12,1634180929215135744,https://www.nytimes.com/2023/03/10/opinion/masks-work-cochrane-study.html,https://twitter.com/RonChusid/status/1634180929215135744
TRyanGregory,13,1634185884302991360,https://www.nytimes.com/2023/03/10/opinion/masks-work-cochrane-study.html,https://twitter.com/TRyanGregory/status/1634185884302991360
DemFromCT,15,1634188287366647810,https://www.nytimes.com/2023/03/10/opinion/masks-work-cochrane-study.html,https://twitter.com/DemFromCT/status/1634188287366647810
DrNathanCole,68,1634188752586170368,https://www.nytimes.com/2023/03/10/opinion/masks-work-cochrane-study.html,https://twitter.com/DrNathanCole/status/1634188752586170368
nytopinion,5,1634189129792487424,https://www.nytimes.com/2023/03/10/opinion/masks-work-cochrane-study.html,https://twitter.com/nytopinion/status/1634189129792487424
tigresseleanor,27,1634190790837633026,https://www.nytimes.com/2023/03/10/opinion/masks-work-cochrane-study.html,https://twitter.com/tigresseleanor/status/1634190790837633026
JohannaHellste2,12,1634191615387484161,https://www.nytimes.com/2023/03/10/opinion/masks-work-cochrane-study.html,https://twitter.com/JohannaHellste2/status/1634191615387484161
dm_ms,131,1634192122298486786,https://www.nytimes.com/2023/03/10/opinion/masks-work-cochrane-study.html,https://twitter.com/dm_ms/status/1634192122298486786
Martina,18,1634199660603613192,https://www.nytimes.com/2023/03/10/opinion/masks-work-cochrane-study.html,https://twitter.com/Martina/status/1634199660603613192
JSchmitzLeipzig,19,1634199932688105473,https://www.nytimes.com/2023/03/10/opinion/masks-work-cochrane-study.html,https://twitter.com/JSchmitzLeipzig/status/1634199932688105473
hofrench,6,1634200167988559874,https://www.nytimes.com/2023/03/10/opinion/masks-work-cochrane-study.html,https://twitter.com/hofrench/status/1634200167988559874
stuartvyse,10,1634202302817943553,https://www.nytimes.com/2023/03/10/opinion/masks-work-cochrane-study.html,https://twitter.com/stuartvyse/status/1634202302817943553
SuneLang,36,1634204767541968898,https://www.nytimes.com/2023/03/10/opinion/masks-work-cochrane-study.html,https://twitter.com/SuneLang/status/1634204767541968898
jvipondmd,26,1634205159914983424,https://www.nytimes.com/2023/03/10/opinion/masks-work-cochrane-study.html,https://twitter.com/jvipondmd/status/1634205159914983424
MaxBoot,15,1634205822610726914,https://www.nytimes.com/2023/03/10/opinion/masks-work-cochrane-study.html,https://twitter.com/MaxBoot/status/1634205822610726914
KathaPollitt,13,1634209544803893249,https://www.nytimes.com/2023/03/10/opinion/masks-work-cochrane-study.html,https://twitter.com/KathaPollitt/status/1634209544803893249
4RealLeft,6,1634210259903340545,https://www.nytimes.com/2023/03/10/opinion/masks-work-cochrane-study.html,https://twitter.com/4RealLeft/status/1634210259903340545
Perbess,7,1634211455162630146,https://www.nytimes.com/2023/03/10/opinion/masks-work-cochrane-study.html,https://twitter.com/Perbess/status/1634211455162630146
raghu_venugopal,21,1634211518060396544,https://www.nytimes.com/2023/03/10/opinion/masks-work-cochrane-study.html,https://twitter.com/raghu_venugopal/status/1634211518060396544
picardonhealth,44,1634213020170870784,https://www.nytimes.com/2023/03/10/opinion/masks-work-cochrane-study.html,https://twitter.com/picardonhealth/status/1634213020170870784
CaulfieldTim,202,1634214973386928128,https://www.nytimes.com/2023/03/10/opinion/masks-work-cochrane-study.html,https://twitter.com/CaulfieldTim/status/1634214973386928128
josegallucci,5,1634217109830893569,https://www.nytimes.com/2023/03/10/opinion/masks-work-cochrane-study.html,https://twitter.com/josegallucci/status/1634217109830893569
ma_pion,5,1634217902403629056,https://www.nytimes.com/2023/03/10/opinion/masks-work-cochrane-study.html,https://twitter.com/ma_pion/status/1634217902403629056
_ProtectTheKids,94,1634219884438515712,https://www.nytimes.com/2023/03/10/opinion/masks-work-cochrane-study.html,https://twitter.com/_ProtectTheKids/status/1634219884438515712
why_not_nemo,14,1634222617610600449,https://www.nytimes.com/2023/03/10/opinion/masks-work-cochrane-study.html,https://twitter.com/why_not_nemo/status/1634222617610600449
DocJeffD,23,1634224121042317313,https://www.nytimes.com/2023/03/10/opinion/masks-work-cochrane-study.html,https://twitter.com/DocJeffD/status/1634224121042317313
GYamey,14,1634224559791702016,https://www.nytimes.com/2023/03/10/opinion/masks-work-cochrane-study.html,https://twitter.com/GYamey/status/1634224559791702016
gregggonsalves,290,1634229928324640773,https://www.nytimes.com/2023/03/10/opinion/masks-work-cochrane-study.html,https://twitter.com/gregggonsalves/status/1634229928324640773
JuddLegum,92,1634231680603963406,https://www.nytimes.com/2023/03/10/opinion/masks-work-cochrane-study.html,https://twitter.com/JuddLegum/status/1634231680603963406
saletan,11,1634233521215553548,https://www.nytimes.com/2023/03/10/opinion/masks-work-cochrane-study.html,https://twitter.com/saletan/status/1634233521215553548
BlakeMMurdoch,145,1634234808665796608,https://www.nytimes.com/2023/03/10/opinion/masks-work-cochrane-study.html,https://twitter.com/BlakeMMurdoch/status/1634234808665796608
Botoxnotfall,6,1634236311421825030,https://www.nytimes.com/2023/03/10/opinion/masks-work-cochrane-study.html,https://twitter.com/Botoxnotfall/status/1634236311421825030
zeynep,10,1634236496600264704,https://www.nytimes.com/2023/03/10/opinion/masks-work-cochrane-study.html,https://twitter.com/zeynep/status/1634236496600264704
luckytran,19,1634239314463735812,https://www.nytimes.com/2023/03/10/opinion/masks-work-cochrane-study.html,https://twitter.com/luckytran/status/1634239314463735812
EricTopol,82,1634243668604497920,https://www.nytimes.com/2023/03/10/opinion/masks-work-cochrane-study.html,https://twitter.com/EricTopol/status/1634243668604497920
dokhollidays,110,1634248116680421376,https://www.nytimes.com/2023/03/10/opinion/masks-work-cochrane-study.html,https://twitter.com/dokhollidays/status/1634248116680421376
stratosathens,12,1634250228730609666,https://www.nytimes.com/2023/03/10/opinion/masks-work-cochrane-study.html,https://twitter.com/stratosathens/status/1634250228730609666
erin_VMD,9,1634250574278303753,https://www.nytimes.com/2023/03/10/opinion/masks-work-cochrane-study.html,https://twitter.com/erin_VMD/status/1634250574278303753
doctorasadkhan,16,1634252476659408898,https://www.nytimes.com/2023/03/10/opinion/masks-work-cochrane-study.html,https://twitter.com/doctorasadkhan/status/1634252476659408898
20170211febhei,10,1634259647694786561,https://www.nytimes.com/2023/03/10/opinion/masks-work-cochrane-study.html,https://twitter.com/20170211febhei/status/1634259647694786561
j_g_allen,19,1634263779390136333,https://www.nytimes.com/2023/03/10/opinion/masks-work-cochrane-study.html,https://twitter.com/j_g_allen/status/1634263779390136333
DrTomasAragon,53,1634268269220884480,https://www.nytimes.com/2023/03/10/opinion/masks-work-cochrane-study.html,https://twitter.com/DrTomasAragon/status/1634268269220884480
JReinerMD,63,1634268537706381313,https://www.nytimes.com/2023/03/10/opinion/masks-work-cochrane-study.html,https://twitter.com/JReinerMD/status/1634268537706381313
paimadhu,23,1634269815417237504,https://www.nytimes.com/2023/03/10/opinion/masks-work-cochrane-study.html,https://twitter.com/paimadhu/status/1634269815417237504
nytopinion,7,1634277251830169600,https://www.nytimes.com/2023/03/10/opinion/masks-work-cochrane-study.html,https://twitter.com/nytopinion/status/1634277251830169600
christianperez,10,1634277644278681604,https://www.nytimes.com/2023/03/10/opinion/masks-work-cochrane-study.html,https://twitter.com/christianperez/status/1634277644278681604
rainbowrowell,6,1634279863753269248,https://www.nytimes.com/2023/03/10/opinion/masks-work-cochrane-study.html,https://twitter.com/rainbowrowell/status/1634279863753269248
davekarpf,21,1634281031439208472,https://www.nytimes.com/2023/03/10/opinion/masks-work-cochrane-study.html,https://twitter.com/davekarpf/status/1634281031439208472
zeynep,42,1634282648850911241,https://www.nytimes.com/2023/03/10/opinion/masks-work-cochrane-study.html,https://twitter.com/zeynep/status/1634282648850911241
KennethBodin,8,1634288983696986123,https://www.nytimes.com/2023/03/10/opinion/masks-work-cochrane-study.html,https://twitter.com/KennethBodin/status/1634288983696986123
normanswan,57,1634289032212647936,https://www.nytimes.com/2023/03/10/opinion/masks-work-cochrane-study.html,https://twitter.com/normanswan/status/1634289032212647936
DrSusanOliver1,52,1634299904519700480,https://www.nytimes.com/2023/03/10/opinion/masks-work-cochrane-study.html,https://twitter.com/DrSusanOliver1/status/1634299904519700480
RErbium,7,1634301116384161798,https://www.nytimes.com/2023/03/10/opinion/masks-work-cochrane-study.html,https://twitter.com/RErbium/status/1634301116384161798
JAFOOFAJ,5,1634304182189543424,https://www.nytimes.com/2023/03/10/opinion/masks-work-cochrane-study.html,https://twitter.com/JAFOOFAJ/status/1634304182189543424
sueplick,26,1634307901828284419,https://www.nytimes.com/2023/03/10/opinion/masks-work-cochrane-study.html,https://twitter.com/sueplick/status/1634307901828284419
palafo,5,1634310033998585867,https://www.nytimes.com/2023/03/10/opinion/masks-work-cochrane-study.html,https://twitter.com/palafo/status/1634310033998585867
adamkams,11,1634322850638340096,https://www.nytimes.com/2023/03/10/opinion/masks-work-cochrane-study.html,https://twitter.com/adamkams/status/1634322850638340096
Pr_Logos,10,1634327813200269313,https://www.nytimes.com/2023/03/10/opinion/masks-work-cochrane-study.html,https://twitter.com/Pr_Logos/status/1634327813200269313
ProfPCDoherty,77,1634331838700216320,https://www.nytimes.com/2023/03/10/opinion/masks-work-cochrane-study.html,https://twitter.com/ProfPCDoherty/status/1634331838700216320
DavidAFrench,56,1634332859677696001,https://www.nytimes.com/2023/03/10/opinion/masks-work-cochrane-study.html,https://twitter.com/DavidAFrench/status/1634332859677696001
Emerson_Gravely,6,1634346133357993986,https://www.nytimes.com/2023/03/10/opinion/masks-work-cochrane-study.html,https://twitter.com/Emerson_Gravely/status/1634346133357993986
karaswisher,63,1634349586742489089,https://www.nytimes.com/2023/03/10/opinion/masks-work-cochrane-study.html,https://twitter.com/karaswisher/status/1634349586742489089
thanewisc,10,1634354111578611715,https://www.nytimes.com/2023/03/10/opinion/masks-work-cochrane-study.html,https://twitter.com/thanewisc/status/1634354111578611715
jswatz,60,1634387868641640449,https://www.nytimes.com/2023/03/10/opinion/masks-work-cochrane-study.html,https://twitter.com/jswatz/status/1634387868641640449
tak53381102,639,1634394061892362240,https://www.nytimes.com/2023/03/10/opinion/masks-work-cochrane-study.html,https://twitter.com/tak53381102/status/1634394061892362240
NYTScience,12,1634401502096683010,https://www.nytimes.com/2023/03/10/opinion/masks-work-cochrane-study.html,https://twitter.com/NYTScience/status/1634401502096683010
NYTHealth,82,1634404779186085890,https://www.nytimes.com/2023/03/10/opinion/masks-work-cochrane-study.html,https://twitter.com/NYTHealth/status/1634404779186085890
MichaelPSenger,61,1634408861028466688,https://www.nytimes.com/2023/03/10/opinion/masks-work-cochrane-study.html,https://twitter.com/MichaelPSenger/status/1634408861028466688
nytopinion,30,1634408975306244097,https://www.nytimes.com/2023/03/10/opinion/masks-work-cochrane-study.html,https://twitter.com/nytopinion/status/1634408975306244097
hoaxcovid19,5,1634409923319844864,https://www.nytimes.com/2023/03/10/opinion/masks-work-cochrane-study.html,https://twitter.com/hoaxcovid19/status/1634409923319844864
Med58ll,8,1634443033184698371,https://www.nytimes.com/2023/03/10/opinion/masks-work-cochrane-study.html,https://twitter.com/Med58ll/status/1634443033184698371
morgfair,961,1634448572862332928,https://www.nytimes.com/2023/03/10/opinion/masks-work-cochrane-study.html,https://twitter.com/morgfair/status/1634448572862332928
MerlinofCanada,15,1634507949099085824,https://www.nytimes.com/2023/03/10/opinion/masks-work-cochrane-study.html,https://twitter.com/MerlinofCanada/status/1634507949099085824
liisatlaine,5,1634516761641926656,https://www.nytimes.com/2023/03/10/opinion/masks-work-cochrane-study.html,https://twitter.com/liisatlaine/status/1634516761641926656
ethicalpsycholo,18,1634529363935764480,https://www.nytimes.com/2023/03/10/opinion/masks-work-cochrane-study.html,https://twitter.com/ethicalpsycholo/status/1634529363935764480
iinakobe2,5,1634531225154224128,https://www.nytimes.com/2023/03/10/opinion/masks-work-cochrane-study.html,https://twitter.com/iinakobe2/status/1634531225154224128
StephenLevin33,18,1634541947648974849,https://www.nytimes.com/2023/03/10/opinion/masks-work-cochrane-study.html,https://twitter.com/StephenLevin33/status/1634541947648974849
NYTScience,5,1634560115415175169,https://www.nytimes.com/2023/03/10/opinion/masks-work-cochrane-study.html,https://twitter.com/NYTScience/status/1634560115415175169
scottburrisphlr,21,1634584159883759616,https://www.nytimes.com/2023/03/10/opinion/masks-work-cochrane-study.html,https://twitter.com/scottburrisphlr/status/1634584159883759616
davidjthunder,7,1634588076210003970,https://www.nytimes.com/2023/03/10/opinion/masks-work-cochrane-study.html,https://twitter.com/davidjthunder/status/1634588076210003970
LadyDoctorSays,74,1634588415608979457,https://www.nytimes.com/2023/03/10/opinion/masks-work-cochrane-study.html,https://twitter.com/LadyDoctorSays/status/1634588415608979457
EMSwami,15,1634590418359705603,https://www.nytimes.com/2023/03/10/opinion/masks-work-cochrane-study.html,https://twitter.com/EMSwami/status/1634590418359705603
JoeNBC,229,1634617053637115904,https://www.nytimes.com/2023/03/10/opinion/masks-work-cochrane-study.html,https://twitter.com/JoeNBC/status/1634617053637115904
nytopinion,13,1634638940836712450,https://www.nytimes.com/2023/03/10/opinion/masks-work-cochrane-study.html,https://twitter.com/nytopinion/status/1634638940836712450
EricTopol,361,1634639557131128832,https://www.nytimes.com/2023/03/10/opinion/masks-work-cochrane-study.html,https://twitter.com/EricTopol/status/1634639557131128832
Normsmusic,14,1634662828572557315,https://www.nytimes.com/2023/03/10/opinion/masks-work-cochrane-study.html,https://twitter.com/Normsmusic/status/1634662828572557315
LizHighleyman,6,1634668947093217281,https://www.nytimes.com/2023/03/10/opinion/masks-work-cochrane-study.html,https://twitter.com/LizHighleyman/status/1634668947093217281
Mary1Kathy,26,1634681197371723776,https://www.nytimes.com/2023/03/10/opinion/masks-work-cochrane-study.html,https://twitter.com/Mary1Kathy/status/1634681197371723776
Noboru_Hagino,5,1634717314267619328,https://www.nytimes.com/2023/03/10/opinion/masks-work-cochrane-study.html,https://twitter.com/Noboru_Hagino/status/1634717314267619328
Kaos_Vs_Control,15,1634731129579208706,https://www.nytimes.com/2023/03/10/opinion/masks-work-cochrane-study.html,https://twitter.com/Kaos_Vs_Control/status/1634731129579208706
norionakatsuji,8,1634737977741180928,https://www.nytimes.com/2023/03/10/opinion/masks-work-cochrane-study.html,https://twitter.com/norionakatsuji/status/1634737977741180928
NYTScience,5,1634748394580180992,https://www.nytimes.com/2023/03/10/opinion/masks-work-cochrane-study.html,https://twitter.com/NYTScience/status/1634748394580180992
NYTHealth,12,1634751887827189763,https://www.nytimes.com/2023/03/10/opinion/masks-work-cochrane-study.html,https://twitter.com/NYTHealth/status/1634751887827189763
deesbarbara,11,1634756822526570496,https://www.nytimes.com/2023/03/10/opinion/masks-work-cochrane-study.html,https://twitter.com/deesbarbara/status/1634756822526570496
orientis312,32,1634770735968452614,https://www.nytimes.com/2023/03/10/opinion/masks-work-cochrane-study.html,https://twitter.com/orientis312/status/1634770735968452614
dadshonan,8,1634851876725493761,https://www.nytimes.com/2023/03/10/opinion/masks-work-cochrane-study.html,https://twitter.com/dadshonan/status/1634851876725493761
jonshaffer,10,1634887010245570560,https://www.nytimes.com/2023/03/10/opinion/masks-work-cochrane-study.html,https://twitter.com/jonshaffer/status/1634887010245570560
yomoyomo,6,1634924271012286467,https://www.nytimes.com/2023/03/10/opinion/masks-work-cochrane-study.html,https://twitter.com/yomoyomo/status/1634924271012286467
NYTScience,6,1634954091611734016,https://www.nytimes.com/2023/03/10/opinion/masks-work-cochrane-study.html,https://twitter.com/NYTScience/status/1634954091611734016
RetractionWatch,7,1634965835055005696,https://www.nytimes.com/2023/03/10/opinion/masks-work-cochrane-study.html,https://twitter.com/RetractionWatch/status/1634965835055005696
DrAliSKhan,7,1635020921051430912,https://www.nytimes.com/2023/03/10/opinion/masks-work-cochrane-study.html,https://twitter.com/DrAliSKhan/status/1635020921051430912
NYTScience,9,1635102695706042369,https://www.nytimes.com/2023/03/10/opinion/masks-work-cochrane-study.html,https://twitter.com/NYTScience/status/1635102695706042369
NYTScience,12,1635289517170241538,https://www.nytimes.com/2023/03/10/opinion/masks-work-cochrane-study.html,https://twitter.com/NYTScience/status/1635289517170241538
RetractionWatch,14,1635415565161439232,https://www.nytimes.com/2023/03/10/opinion/masks-work-cochrane-study.html,https://twitter.com/RetractionWatch/status/1635415565161439232
NYTScience,5,1635445806277730304,https://www.nytimes.com/2023/03/10/opinion/masks-work-cochrane-study.html,https://twitter.com/NYTScience/status/1635445806277730304
NYTHealth,13,1635450063169232897,https://www.nytimes.com/2023/03/10/opinion/masks-work-cochrane-study.html,https://twitter.com/NYTHealth/status/1635450063169232897
doc_singing,16,1635616603055222791,https://www.nytimes.com/2023/02/21/opinion/do-mask-mandates-work.html,https://twitter.com/doc_singing/status/1635616603055222791
ElizaEmTM,35,1636357380236795905,https://www.nytimes.com/2023/03/10/opinion/masks-work-cochrane-study.html,https://twitter.com/ElizaEmTM/status/1636357380236795905
RetractionWatch,5,1636774707168002076,https://www.nytimes.com/2023/03/10/opinion/masks-work-cochrane-study.html,https://twitter.com/RetractionWatch/status/1636774707168002076
SethMacFarlane,117,1637195571105796096,https://www.nytimes.com/2023/03/10/opinion/masks-work-cochrane-study.html,https://twitter.com/SethMacFarlane/status/1637195571105796096
JamilSmith,23,1638018884661018625,https://www.nytimes.com/2023/03/10/opinion/masks-work-cochrane-study.html,https://twitter.com/JamilSmith/status/1638018884661018625
Robertonuzzoam,8,1639352917395140608,https://www.nytimes.com/2023/02/21/opinion/do-mask-mandates-work.html,https://twitter.com/Robertonuzzoam/status/1639352917395140608
MichaelPSenger,18,1640053092040454145,https://www.nytimes.com/2023/03/10/opinion/masks-work-cochrane-study.html,https://twitter.com/MichaelPSenger/status/1640053092040454145
MichaelPSenger,10,1640070660172177408,https://www.nytimes.com/2023/03/10/opinion/masks-work-cochrane-study.html,https://twitter.com/MichaelPSenger/status/1640070660172177408
serdardirican,7,1641559256427012098,https://www.nytimes.com/2023/03/10/opinion/masks-work-cochrane-study.html,https://twitter.com/serdardirican/status/1641559256427012098
